WARNING - 2026-07-19 07:47:13 --> [DEPRECATED] Passing lowercase HTTP method "get" is deprecated. Use uppercase HTTP method like "GET". in SYSTEMPATH\Test\FeatureTestTrait.php on line 168.
 1 SYSTEMPATH\Test\FeatureTestTrait.php(168): trigger_error('Passing lowercase HTTP method "get" is deprecated. Use uppercase HTTP method like "GET".', 16384)
 2 ROOTPATH\tests\unit\SecurityAndDatabaseTest.php(53): SecurityAndDatabaseTest->call('get', 'user/dashboard')
 3 VENDORPATH\phpunit\phpunit\src\Framework\TestCase.php(1188): SecurityAndDatabaseTest->testAuthFiltersRedirect()
 4 VENDORPATH\phpunit\phpunit\src\Framework\TestCase.php(686): PHPUnit\Framework\TestCase->runTest()
 5 VENDORPATH\phpunit\phpunit\src\Framework\TestRunner.php(105): PHPUnit\Framework\TestCase->runBare()
 6 VENDORPATH\phpunit\phpunit\src\Framework\TestCase.php(516): PHPUnit\Framework\TestRunner->run(Object(SecurityAndDatabaseTest))
 7 VENDORPATH\phpunit\phpunit\src\Framework\TestSuite.php(374): PHPUnit\Framework\TestCase->run()
 8 VENDORPATH\phpunit\phpunit\src\Framework\TestSuite.php(374): PHPUnit\Framework\TestSuite->run()
 9 VENDORPATH\phpunit\phpunit\src\Framework\TestSuite.php(374): PHPUnit\Framework\TestSuite->run()
10 VENDORPATH\phpunit\phpunit\src\TextUI\TestRunner.php(64): PHPUnit\Framework\TestSuite->run()
11 VENDORPATH\phpunit\phpunit\src\TextUI\Application.php(203): PHPUnit\TextUI\TestRunner->run(Object(PHPUnit\TextUI\Configuration\Configuration), Object(PHPUnit\Runner\ResultCache\DefaultResultCache), Object(PHPUnit\Framework\TestSuite))
12 VENDORPATH\phpunit\phpunit\phpunit(104): PHPUnit\TextUI\Application->run([...])
13 VENDORPATH\bin\phpunit(122): include('C:\\xampp\\htdocs\\quizTv\\vendor\\phpunit\\phpunit\\phpunit')
WARNING - 2026-07-19 07:47:24 --> [DEPRECATED] Passing lowercase HTTP method "get" is deprecated. Use uppercase HTTP method like "GET". in SYSTEMPATH\Test\FeatureTestTrait.php on line 168.
 1 SYSTEMPATH\Test\FeatureTestTrait.php(168): trigger_error('Passing lowercase HTTP method "get" is deprecated. Use uppercase HTTP method like "GET".', 16384)
 2 ROOTPATH\tests\unit\ScriptSettingsTest.php(81): ScriptSettingsTest->call('get', 'admin/script-settings')
 3 VENDORPATH\phpunit\phpunit\src\Framework\TestCase.php(1188): ScriptSettingsTest->testScriptSettingsRoutesRegistered()
 4 VENDORPATH\phpunit\phpunit\src\Framework\TestCase.php(686): PHPUnit\Framework\TestCase->runTest()
 5 VENDORPATH\phpunit\phpunit\src\Framework\TestRunner.php(105): PHPUnit\Framework\TestCase->runBare()
 6 VENDORPATH\phpunit\phpunit\src\Framework\TestCase.php(516): PHPUnit\Framework\TestRunner->run(Object(ScriptSettingsTest))
 7 VENDORPATH\phpunit\phpunit\src\Framework\TestSuite.php(374): PHPUnit\Framework\TestCase->run()
 8 VENDORPATH\phpunit\phpunit\src\TextUI\TestRunner.php(64): PHPUnit\Framework\TestSuite->run()
 9 VENDORPATH\phpunit\phpunit\src\TextUI\Application.php(203): PHPUnit\TextUI\TestRunner->run(Object(PHPUnit\TextUI\Configuration\Configuration), Object(PHPUnit\Runner\ResultCache\DefaultResultCache), Object(PHPUnit\Framework\TestSuite))
10 VENDORPATH\phpunit\phpunit\phpunit(104): PHPUnit\TextUI\Application->run([...])
11 VENDORPATH\bin\phpunit(122): include('C:\\xampp\\htdocs\\quizTv\\vendor\\phpunit\\phpunit\\phpunit')
WARNING - 2026-07-19 07:47:35 --> [DEPRECATED] Passing lowercase HTTP method "get" is deprecated. Use uppercase HTTP method like "GET". in SYSTEMPATH\Test\FeatureTestTrait.php on line 168.
 1 SYSTEMPATH\Test\FeatureTestTrait.php(168): trigger_error('Passing lowercase HTTP method "get" is deprecated. Use uppercase HTTP method like "GET".', 16384)
 2 ROOTPATH\tests\unit\ScriptSettingsTest.php(81): ScriptSettingsTest->call('get', 'admin/script-settings')
 3 VENDORPATH\phpunit\phpunit\src\Framework\TestCase.php(1188): ScriptSettingsTest->testScriptSettingsRoutesRegistered()
 4 VENDORPATH\phpunit\phpunit\src\Framework\TestCase.php(686): PHPUnit\Framework\TestCase->runTest()
 5 VENDORPATH\phpunit\phpunit\src\Framework\TestRunner.php(105): PHPUnit\Framework\TestCase->runBare()
 6 VENDORPATH\phpunit\phpunit\src\Framework\TestCase.php(516): PHPUnit\Framework\TestRunner->run(Object(ScriptSettingsTest))
 7 VENDORPATH\phpunit\phpunit\src\Framework\TestSuite.php(374): PHPUnit\Framework\TestCase->run()
 8 VENDORPATH\phpunit\phpunit\src\TextUI\TestRunner.php(64): PHPUnit\Framework\TestSuite->run()
 9 VENDORPATH\phpunit\phpunit\src\TextUI\Application.php(203): PHPUnit\TextUI\TestRunner->run(Object(PHPUnit\TextUI\Configuration\Configuration), Object(PHPUnit\Runner\ResultCache\DefaultResultCache), Object(PHPUnit\Framework\TestSuite))
10 VENDORPATH\phpunit\phpunit\phpunit(104): PHPUnit\TextUI\Application->run([...])
11 VENDORPATH\bin\phpunit(122): include('C:\\xampp\\htdocs\\quizTv\\vendor\\phpunit\\phpunit\\phpunit')
WARNING - 2026-07-19 07:47:35 --> [DEPRECATED] Passing lowercase HTTP method "post" is deprecated. Use uppercase HTTP method like "POST". in SYSTEMPATH\Test\FeatureTestTrait.php on line 168.
 1 SYSTEMPATH\Test\FeatureTestTrait.php(168): trigger_error('Passing lowercase HTTP method "post" is deprecated. Use uppercase HTTP method like "POST".', 16384)
 2 ROOTPATH\tests\unit\ScriptSettingsTest.php(84): ScriptSettingsTest->call('post', 'admin/script-settings/update')
 3 VENDORPATH\phpunit\phpunit\src\Framework\TestCase.php(1188): ScriptSettingsTest->testScriptSettingsRoutesRegistered()
 4 VENDORPATH\phpunit\phpunit\src\Framework\TestCase.php(686): PHPUnit\Framework\TestCase->runTest()
 5 VENDORPATH\phpunit\phpunit\src\Framework\TestRunner.php(105): PHPUnit\Framework\TestCase->runBare()
 6 VENDORPATH\phpunit\phpunit\src\Framework\TestCase.php(516): PHPUnit\Framework\TestRunner->run(Object(ScriptSettingsTest))
 7 VENDORPATH\phpunit\phpunit\src\Framework\TestSuite.php(374): PHPUnit\Framework\TestCase->run()
 8 VENDORPATH\phpunit\phpunit\src\TextUI\TestRunner.php(64): PHPUnit\Framework\TestSuite->run()
 9 VENDORPATH\phpunit\phpunit\src\TextUI\Application.php(203): PHPUnit\TextUI\TestRunner->run(Object(PHPUnit\TextUI\Configuration\Configuration), Object(PHPUnit\Runner\ResultCache\DefaultResultCache), Object(PHPUnit\Framework\TestSuite))
10 VENDORPATH\phpunit\phpunit\phpunit(104): PHPUnit\TextUI\Application->run([...])
11 VENDORPATH\bin\phpunit(122): include('C:\\xampp\\htdocs\\quizTv\\vendor\\phpunit\\phpunit\\phpunit')
WARNING - 2026-07-19 07:47:40 --> [DEPRECATED] Passing lowercase HTTP method "get" is deprecated. Use uppercase HTTP method like "GET". in SYSTEMPATH\Test\FeatureTestTrait.php on line 168.
 1 SYSTEMPATH\Test\FeatureTestTrait.php(168): trigger_error('Passing lowercase HTTP method "get" is deprecated. Use uppercase HTTP method like "GET".', 16384)
 2 ROOTPATH\tests\unit\ScriptSettingsTest.php(81): ScriptSettingsTest->call('get', 'admin/script-settings')
 3 VENDORPATH\phpunit\phpunit\src\Framework\TestCase.php(1188): ScriptSettingsTest->testScriptSettingsRoutesRegistered()
 4 VENDORPATH\phpunit\phpunit\src\Framework\TestCase.php(686): PHPUnit\Framework\TestCase->runTest()
 5 VENDORPATH\phpunit\phpunit\src\Framework\TestRunner.php(105): PHPUnit\Framework\TestCase->runBare()
 6 VENDORPATH\phpunit\phpunit\src\Framework\TestCase.php(516): PHPUnit\Framework\TestRunner->run(Object(ScriptSettingsTest))
 7 VENDORPATH\phpunit\phpunit\src\Framework\TestSuite.php(374): PHPUnit\Framework\TestCase->run()
 8 VENDORPATH\phpunit\phpunit\src\TextUI\TestRunner.php(64): PHPUnit\Framework\TestSuite->run()
 9 VENDORPATH\phpunit\phpunit\src\TextUI\Application.php(203): PHPUnit\TextUI\TestRunner->run(Object(PHPUnit\TextUI\Configuration\Configuration), Object(PHPUnit\Runner\ResultCache\DefaultResultCache), Object(PHPUnit\Framework\TestSuite))
10 VENDORPATH\phpunit\phpunit\phpunit(104): PHPUnit\TextUI\Application->run([...])
11 VENDORPATH\bin\phpunit(122): include('C:\\xampp\\htdocs\\quizTv\\vendor\\phpunit\\phpunit\\phpunit')
WARNING - 2026-07-19 07:47:40 --> [DEPRECATED] Passing lowercase HTTP method "post" is deprecated. Use uppercase HTTP method like "POST". in SYSTEMPATH\Test\FeatureTestTrait.php on line 168.
 1 SYSTEMPATH\Test\FeatureTestTrait.php(168): trigger_error('Passing lowercase HTTP method "post" is deprecated. Use uppercase HTTP method like "POST".', 16384)
 2 ROOTPATH\tests\unit\ScriptSettingsTest.php(84): ScriptSettingsTest->call('post', 'admin/script-settings/update')
 3 VENDORPATH\phpunit\phpunit\src\Framework\TestCase.php(1188): ScriptSettingsTest->testScriptSettingsRoutesRegistered()
 4 VENDORPATH\phpunit\phpunit\src\Framework\TestCase.php(686): PHPUnit\Framework\TestCase->runTest()
 5 VENDORPATH\phpunit\phpunit\src\Framework\TestRunner.php(105): PHPUnit\Framework\TestCase->runBare()
 6 VENDORPATH\phpunit\phpunit\src\Framework\TestCase.php(516): PHPUnit\Framework\TestRunner->run(Object(ScriptSettingsTest))
 7 VENDORPATH\phpunit\phpunit\src\Framework\TestSuite.php(374): PHPUnit\Framework\TestCase->run()
 8 VENDORPATH\phpunit\phpunit\src\TextUI\TestRunner.php(64): PHPUnit\Framework\TestSuite->run()
 9 VENDORPATH\phpunit\phpunit\src\TextUI\Application.php(203): PHPUnit\TextUI\TestRunner->run(Object(PHPUnit\TextUI\Configuration\Configuration), Object(PHPUnit\Runner\ResultCache\DefaultResultCache), Object(PHPUnit\Framework\TestSuite))
10 VENDORPATH\phpunit\phpunit\phpunit(104): PHPUnit\TextUI\Application->run([...])
11 VENDORPATH\bin\phpunit(122): include('C:\\xampp\\htdocs\\quizTv\\vendor\\phpunit\\phpunit\\phpunit')
WARNING - 2026-07-19 08:47:52 --> [DEPRECATED] Passing lowercase HTTP method "get" is deprecated. Use uppercase HTTP method like "GET". in SYSTEMPATH\Test\FeatureTestTrait.php on line 168.
 1 SYSTEMPATH\Test\FeatureTestTrait.php(168): trigger_error('Passing lowercase HTTP method "get" is deprecated. Use uppercase HTTP method like "GET".', 16384)
 2 ROOTPATH\tests\unit\ScriptSettingsTest.php(81): ScriptSettingsTest->call('get', 'admin/script-settings')
 3 VENDORPATH\phpunit\phpunit\src\Framework\TestCase.php(1188): ScriptSettingsTest->testScriptSettingsRoutesRegistered()
 4 VENDORPATH\phpunit\phpunit\src\Framework\TestCase.php(686): PHPUnit\Framework\TestCase->runTest()
 5 VENDORPATH\phpunit\phpunit\src\Framework\TestRunner.php(105): PHPUnit\Framework\TestCase->runBare()
 6 VENDORPATH\phpunit\phpunit\src\Framework\TestCase.php(516): PHPUnit\Framework\TestRunner->run(Object(ScriptSettingsTest))
 7 VENDORPATH\phpunit\phpunit\src\Framework\TestSuite.php(374): PHPUnit\Framework\TestCase->run()
 8 VENDORPATH\phpunit\phpunit\src\Framework\TestSuite.php(374): PHPUnit\Framework\TestSuite->run()
 9 VENDORPATH\phpunit\phpunit\src\Framework\TestSuite.php(374): PHPUnit\Framework\TestSuite->run()
10 VENDORPATH\phpunit\phpunit\src\TextUI\TestRunner.php(64): PHPUnit\Framework\TestSuite->run()
11 VENDORPATH\phpunit\phpunit\src\TextUI\Application.php(203): PHPUnit\TextUI\TestRunner->run(Object(PHPUnit\TextUI\Configuration\Configuration), Object(PHPUnit\Runner\ResultCache\DefaultResultCache), Object(PHPUnit\Framework\TestSuite))
12 VENDORPATH\phpunit\phpunit\phpunit(104): PHPUnit\TextUI\Application->run([...])
13 VENDORPATH\bin\phpunit(122): include('C:\\xampp\\htdocs\\quizTv\\vendor\\phpunit\\phpunit\\phpunit')
WARNING - 2026-07-19 08:47:53 --> [DEPRECATED] Passing lowercase HTTP method "post" is deprecated. Use uppercase HTTP method like "POST". in SYSTEMPATH\Test\FeatureTestTrait.php on line 168.
 1 SYSTEMPATH\Test\FeatureTestTrait.php(168): trigger_error('Passing lowercase HTTP method "post" is deprecated. Use uppercase HTTP method like "POST".', 16384)
 2 ROOTPATH\tests\unit\ScriptSettingsTest.php(84): ScriptSettingsTest->call('post', 'admin/script-settings/update')
 3 VENDORPATH\phpunit\phpunit\src\Framework\TestCase.php(1188): ScriptSettingsTest->testScriptSettingsRoutesRegistered()
 4 VENDORPATH\phpunit\phpunit\src\Framework\TestCase.php(686): PHPUnit\Framework\TestCase->runTest()
 5 VENDORPATH\phpunit\phpunit\src\Framework\TestRunner.php(105): PHPUnit\Framework\TestCase->runBare()
 6 VENDORPATH\phpunit\phpunit\src\Framework\TestCase.php(516): PHPUnit\Framework\TestRunner->run(Object(ScriptSettingsTest))
 7 VENDORPATH\phpunit\phpunit\src\Framework\TestSuite.php(374): PHPUnit\Framework\TestCase->run()
 8 VENDORPATH\phpunit\phpunit\src\Framework\TestSuite.php(374): PHPUnit\Framework\TestSuite->run()
 9 VENDORPATH\phpunit\phpunit\src\Framework\TestSuite.php(374): PHPUnit\Framework\TestSuite->run()
10 VENDORPATH\phpunit\phpunit\src\TextUI\TestRunner.php(64): PHPUnit\Framework\TestSuite->run()
11 VENDORPATH\phpunit\phpunit\src\TextUI\Application.php(203): PHPUnit\TextUI\TestRunner->run(Object(PHPUnit\TextUI\Configuration\Configuration), Object(PHPUnit\Runner\ResultCache\DefaultResultCache), Object(PHPUnit\Framework\TestSuite))
12 VENDORPATH\phpunit\phpunit\phpunit(104): PHPUnit\TextUI\Application->run([...])
13 VENDORPATH\bin\phpunit(122): include('C:\\xampp\\htdocs\\quizTv\\vendor\\phpunit\\phpunit\\phpunit')
WARNING - 2026-07-19 08:47:54 --> [DEPRECATED] Passing lowercase HTTP method "get" is deprecated. Use uppercase HTTP method like "GET". in SYSTEMPATH\Test\FeatureTestTrait.php on line 168.
 1 SYSTEMPATH\Test\FeatureTestTrait.php(168): trigger_error('Passing lowercase HTTP method "get" is deprecated. Use uppercase HTTP method like "GET".', 16384)
 2 ROOTPATH\tests\unit\SecurityAndDatabaseTest.php(53): SecurityAndDatabaseTest->call('get', 'user/dashboard')
 3 VENDORPATH\phpunit\phpunit\src\Framework\TestCase.php(1188): SecurityAndDatabaseTest->testAuthFiltersRedirect()
 4 VENDORPATH\phpunit\phpunit\src\Framework\TestCase.php(686): PHPUnit\Framework\TestCase->runTest()
 5 VENDORPATH\phpunit\phpunit\src\Framework\TestRunner.php(105): PHPUnit\Framework\TestCase->runBare()
 6 VENDORPATH\phpunit\phpunit\src\Framework\TestCase.php(516): PHPUnit\Framework\TestRunner->run(Object(SecurityAndDatabaseTest))
 7 VENDORPATH\phpunit\phpunit\src\Framework\TestSuite.php(374): PHPUnit\Framework\TestCase->run()
 8 VENDORPATH\phpunit\phpunit\src\Framework\TestSuite.php(374): PHPUnit\Framework\TestSuite->run()
 9 VENDORPATH\phpunit\phpunit\src\Framework\TestSuite.php(374): PHPUnit\Framework\TestSuite->run()
10 VENDORPATH\phpunit\phpunit\src\TextUI\TestRunner.php(64): PHPUnit\Framework\TestSuite->run()
11 VENDORPATH\phpunit\phpunit\src\TextUI\Application.php(203): PHPUnit\TextUI\TestRunner->run(Object(PHPUnit\TextUI\Configuration\Configuration), Object(PHPUnit\Runner\ResultCache\DefaultResultCache), Object(PHPUnit\Framework\TestSuite))
12 VENDORPATH\phpunit\phpunit\phpunit(104): PHPUnit\TextUI\Application->run([...])
13 VENDORPATH\bin\phpunit(122): include('C:\\xampp\\htdocs\\quizTv\\vendor\\phpunit\\phpunit\\phpunit')
WARNING - 2026-07-19 08:49:13 --> [DEPRECATED] Passing lowercase HTTP method "get" is deprecated. Use uppercase HTTP method like "GET". in SYSTEMPATH\Test\FeatureTestTrait.php on line 168.
 1 SYSTEMPATH\Test\FeatureTestTrait.php(168): trigger_error('Passing lowercase HTTP method "get" is deprecated. Use uppercase HTTP method like "GET".', 16384)
 2 ROOTPATH\tests\unit\ScriptSettingsTest.php(81): ScriptSettingsTest->call('get', 'admin/script-settings')
 3 VENDORPATH\phpunit\phpunit\src\Framework\TestCase.php(1188): ScriptSettingsTest->testScriptSettingsRoutesRegistered()
 4 VENDORPATH\phpunit\phpunit\src\Framework\TestCase.php(686): PHPUnit\Framework\TestCase->runTest()
 5 VENDORPATH\phpunit\phpunit\src\Framework\TestRunner.php(105): PHPUnit\Framework\TestCase->runBare()
 6 VENDORPATH\phpunit\phpunit\src\Framework\TestCase.php(516): PHPUnit\Framework\TestRunner->run(Object(ScriptSettingsTest))
 7 VENDORPATH\phpunit\phpunit\src\Framework\TestSuite.php(374): PHPUnit\Framework\TestCase->run()
 8 VENDORPATH\phpunit\phpunit\src\TextUI\TestRunner.php(64): PHPUnit\Framework\TestSuite->run()
 9 VENDORPATH\phpunit\phpunit\src\TextUI\Application.php(203): PHPUnit\TextUI\TestRunner->run(Object(PHPUnit\TextUI\Configuration\Configuration), Object(PHPUnit\Runner\ResultCache\DefaultResultCache), Object(PHPUnit\Framework\TestSuite))
10 VENDORPATH\phpunit\phpunit\phpunit(104): PHPUnit\TextUI\Application->run([...])
11 VENDORPATH\bin\phpunit(122): include('C:\\xampp\\htdocs\\quizTv\\vendor\\phpunit\\phpunit\\phpunit')
WARNING - 2026-07-19 08:49:13 --> [DEPRECATED] Passing lowercase HTTP method "post" is deprecated. Use uppercase HTTP method like "POST". in SYSTEMPATH\Test\FeatureTestTrait.php on line 168.
 1 SYSTEMPATH\Test\FeatureTestTrait.php(168): trigger_error('Passing lowercase HTTP method "post" is deprecated. Use uppercase HTTP method like "POST".', 16384)
 2 ROOTPATH\tests\unit\ScriptSettingsTest.php(84): ScriptSettingsTest->call('post', 'admin/script-settings/update')
 3 VENDORPATH\phpunit\phpunit\src\Framework\TestCase.php(1188): ScriptSettingsTest->testScriptSettingsRoutesRegistered()
 4 VENDORPATH\phpunit\phpunit\src\Framework\TestCase.php(686): PHPUnit\Framework\TestCase->runTest()
 5 VENDORPATH\phpunit\phpunit\src\Framework\TestRunner.php(105): PHPUnit\Framework\TestCase->runBare()
 6 VENDORPATH\phpunit\phpunit\src\Framework\TestCase.php(516): PHPUnit\Framework\TestRunner->run(Object(ScriptSettingsTest))
 7 VENDORPATH\phpunit\phpunit\src\Framework\TestSuite.php(374): PHPUnit\Framework\TestCase->run()
 8 VENDORPATH\phpunit\phpunit\src\TextUI\TestRunner.php(64): PHPUnit\Framework\TestSuite->run()
 9 VENDORPATH\phpunit\phpunit\src\TextUI\Application.php(203): PHPUnit\TextUI\TestRunner->run(Object(PHPUnit\TextUI\Configuration\Configuration), Object(PHPUnit\Runner\ResultCache\DefaultResultCache), Object(PHPUnit\Framework\TestSuite))
10 VENDORPATH\phpunit\phpunit\phpunit(104): PHPUnit\TextUI\Application->run([...])
11 VENDORPATH\bin\phpunit(122): include('C:\\xampp\\htdocs\\quizTv\\vendor\\phpunit\\phpunit\\phpunit')
ERROR - 2026-07-19 08:49:36 --> mysqli_sql_exception: Table 'quiztv.script_settings' doesn't exist in C:\xampp\htdocs\quizTv\vendor\codeigniter4\framework\system\Database\MySQLi\Connection.php:327
Stack trace:
#0 C:\xampp\htdocs\quizTv\vendor\codeigniter4\framework\system\Database\MySQLi\Connection.php(327): mysqli->query('SELECT *\nFROM `...', 0)
#1 C:\xampp\htdocs\quizTv\vendor\codeigniter4\framework\system\Database\BaseConnection.php(738): CodeIgniter\Database\MySQLi\Connection->execute('SELECT *\nFROM `...')
#2 C:\xampp\htdocs\quizTv\vendor\codeigniter4\framework\system\Database\BaseConnection.php(652): CodeIgniter\Database\BaseConnection->simpleQuery('SELECT *\nFROM `...')
#3 C:\xampp\htdocs\quizTv\vendor\codeigniter4\framework\system\Database\BaseBuilder.php(1649): CodeIgniter\Database\BaseConnection->query('SELECT *\nFROM `...', Array, false)
#4 C:\xampp\htdocs\quizTv\vendor\codeigniter4\framework\system\Model.php(330): CodeIgniter\Database\BaseBuilder->get()
#5 C:\xampp\htdocs\quizTv\vendor\codeigniter4\framework\system\BaseModel.php(713): CodeIgniter\Model->doFirst()
#6 C:\xampp\htdocs\quizTv\app\Models\ScriptSettingModel.php(53): CodeIgniter\BaseModel->first()
#7 C:\xampp\htdocs\quizTv\tests\unit\ScriptSettingsTest.php(35): App\Models\ScriptSettingModel->setSetting('header_scripts', '<script>console...')
#8 C:\xampp\htdocs\quizTv\vendor\phpunit\phpunit\src\Framework\TestCase.php(1188): ScriptSettingsTest->testScriptSettingsDatabaseModel()
#9 C:\xampp\htdocs\quizTv\vendor\phpunit\phpunit\src\Framework\TestCase.php(686): PHPUnit\Framework\TestCase->runTest()
#10 C:\xampp\htdocs\quizTv\vendor\phpunit\phpunit\src\Framework\TestRunner.php(105): PHPUnit\Framework\TestCase->runBare()
#11 C:\xampp\htdocs\quizTv\vendor\phpunit\phpunit\src\Framework\TestCase.php(516): PHPUnit\Framework\TestRunner->run(Object(ScriptSettingsTest))
#12 C:\xampp\htdocs\quizTv\vendor\phpunit\phpunit\src\Framework\TestSuite.php(374): PHPUnit\Framework\TestCase->run()
#13 C:\xampp\htdocs\quizTv\vendor\phpunit\phpunit\src\Framework\TestSuite.php(374): PHPUnit\Framework\TestSuite->run()
#14 C:\xampp\htdocs\quizTv\vendor\phpunit\phpunit\src\Framework\TestSuite.php(374): PHPUnit\Framework\TestSuite->run()
#15 C:\xampp\htdocs\quizTv\vendor\phpunit\phpunit\src\TextUI\TestRunner.php(64): PHPUnit\Framework\TestSuite->run()
#16 C:\xampp\htdocs\quizTv\vendor\phpunit\phpunit\src\TextUI\Application.php(203): PHPUnit\TextUI\TestRunner->run(Object(PHPUnit\TextUI\Configuration\Configuration), Object(PHPUnit\Runner\ResultCache\DefaultResultCache), Object(PHPUnit\Framework\TestSuite))
#17 C:\xampp\htdocs\quizTv\vendor\phpunit\phpunit\phpunit(104): PHPUnit\TextUI\Application->run(Array)
#18 C:\xampp\htdocs\quizTv\vendor\bin\phpunit(122): include('C:\\xampp\\htdocs...')
#19 {main}
ERROR - 2026-07-19 08:49:36 --> mysqli_sql_exception: Table 'quiztv.script_settings' doesn't exist in C:\xampp\htdocs\quizTv\vendor\codeigniter4\framework\system\Database\MySQLi\Connection.php:327
Stack trace:
#0 C:\xampp\htdocs\quizTv\vendor\codeigniter4\framework\system\Database\MySQLi\Connection.php(327): mysqli->query('SELECT *\nFROM `...', 0)
#1 C:\xampp\htdocs\quizTv\vendor\codeigniter4\framework\system\Database\BaseConnection.php(738): CodeIgniter\Database\MySQLi\Connection->execute('SELECT *\nFROM `...')
#2 C:\xampp\htdocs\quizTv\vendor\codeigniter4\framework\system\Database\BaseConnection.php(652): CodeIgniter\Database\BaseConnection->simpleQuery('SELECT *\nFROM `...')
#3 C:\xampp\htdocs\quizTv\vendor\codeigniter4\framework\system\Database\BaseBuilder.php(1649): CodeIgniter\Database\BaseConnection->query('SELECT *\nFROM `...', Array, false)
#4 C:\xampp\htdocs\quizTv\vendor\codeigniter4\framework\system\Model.php(330): CodeIgniter\Database\BaseBuilder->get()
#5 C:\xampp\htdocs\quizTv\vendor\codeigniter4\framework\system\BaseModel.php(713): CodeIgniter\Model->doFirst()
#6 C:\xampp\htdocs\quizTv\app\Models\ScriptSettingModel.php(53): CodeIgniter\BaseModel->first()
#7 C:\xampp\htdocs\quizTv\tests\unit\ScriptSettingsTest.php(63): App\Models\ScriptSettingModel->setSetting('header_scripts', '<meta name="ant...')
#8 C:\xampp\htdocs\quizTv\vendor\phpunit\phpunit\src\Framework\TestCase.php(1188): ScriptSettingsTest->testScriptSettingsHelper()
#9 C:\xampp\htdocs\quizTv\vendor\phpunit\phpunit\src\Framework\TestCase.php(686): PHPUnit\Framework\TestCase->runTest()
#10 C:\xampp\htdocs\quizTv\vendor\phpunit\phpunit\src\Framework\TestRunner.php(105): PHPUnit\Framework\TestCase->runBare()
#11 C:\xampp\htdocs\quizTv\vendor\phpunit\phpunit\src\Framework\TestCase.php(516): PHPUnit\Framework\TestRunner->run(Object(ScriptSettingsTest))
#12 C:\xampp\htdocs\quizTv\vendor\phpunit\phpunit\src\Framework\TestSuite.php(374): PHPUnit\Framework\TestCase->run()
#13 C:\xampp\htdocs\quizTv\vendor\phpunit\phpunit\src\Framework\TestSuite.php(374): PHPUnit\Framework\TestSuite->run()
#14 C:\xampp\htdocs\quizTv\vendor\phpunit\phpunit\src\Framework\TestSuite.php(374): PHPUnit\Framework\TestSuite->run()
#15 C:\xampp\htdocs\quizTv\vendor\phpunit\phpunit\src\TextUI\TestRunner.php(64): PHPUnit\Framework\TestSuite->run()
#16 C:\xampp\htdocs\quizTv\vendor\phpunit\phpunit\src\TextUI\Application.php(203): PHPUnit\TextUI\TestRunner->run(Object(PHPUnit\TextUI\Configuration\Configuration), Object(PHPUnit\Runner\ResultCache\DefaultResultCache), Object(PHPUnit\Framework\TestSuite))
#17 C:\xampp\htdocs\quizTv\vendor\phpunit\phpunit\phpunit(104): PHPUnit\TextUI\Application->run(Array)
#18 C:\xampp\htdocs\quizTv\vendor\bin\phpunit(122): include('C:\\xampp\\htdocs...')
#19 {main}
WARNING - 2026-07-19 08:49:36 --> [DEPRECATED] Passing lowercase HTTP method "get" is deprecated. Use uppercase HTTP method like "GET". in SYSTEMPATH\Test\FeatureTestTrait.php on line 168.
 1 SYSTEMPATH\Test\FeatureTestTrait.php(168): trigger_error('Passing lowercase HTTP method "get" is deprecated. Use uppercase HTTP method like "GET".', 16384)
 2 ROOTPATH\tests\unit\ScriptSettingsTest.php(81): ScriptSettingsTest->call('get', 'admin/script-settings')
 3 VENDORPATH\phpunit\phpunit\src\Framework\TestCase.php(1188): ScriptSettingsTest->testScriptSettingsRoutesRegistered()
 4 VENDORPATH\phpunit\phpunit\src\Framework\TestCase.php(686): PHPUnit\Framework\TestCase->runTest()
 5 VENDORPATH\phpunit\phpunit\src\Framework\TestRunner.php(105): PHPUnit\Framework\TestCase->runBare()
 6 VENDORPATH\phpunit\phpunit\src\Framework\TestCase.php(516): PHPUnit\Framework\TestRunner->run(Object(ScriptSettingsTest))
 7 VENDORPATH\phpunit\phpunit\src\Framework\TestSuite.php(374): PHPUnit\Framework\TestCase->run()
 8 VENDORPATH\phpunit\phpunit\src\Framework\TestSuite.php(374): PHPUnit\Framework\TestSuite->run()
 9 VENDORPATH\phpunit\phpunit\src\Framework\TestSuite.php(374): PHPUnit\Framework\TestSuite->run()
10 VENDORPATH\phpunit\phpunit\src\TextUI\TestRunner.php(64): PHPUnit\Framework\TestSuite->run()
11 VENDORPATH\phpunit\phpunit\src\TextUI\Application.php(203): PHPUnit\TextUI\TestRunner->run(Object(PHPUnit\TextUI\Configuration\Configuration), Object(PHPUnit\Runner\ResultCache\DefaultResultCache), Object(PHPUnit\Framework\TestSuite))
12 VENDORPATH\phpunit\phpunit\phpunit(104): PHPUnit\TextUI\Application->run([...])
13 VENDORPATH\bin\phpunit(122): include('C:\\xampp\\htdocs\\quizTv\\vendor\\phpunit\\phpunit\\phpunit')
WARNING - 2026-07-19 08:49:36 --> [DEPRECATED] Passing lowercase HTTP method "post" is deprecated. Use uppercase HTTP method like "POST". in SYSTEMPATH\Test\FeatureTestTrait.php on line 168.
 1 SYSTEMPATH\Test\FeatureTestTrait.php(168): trigger_error('Passing lowercase HTTP method "post" is deprecated. Use uppercase HTTP method like "POST".', 16384)
 2 ROOTPATH\tests\unit\ScriptSettingsTest.php(84): ScriptSettingsTest->call('post', 'admin/script-settings/update')
 3 VENDORPATH\phpunit\phpunit\src\Framework\TestCase.php(1188): ScriptSettingsTest->testScriptSettingsRoutesRegistered()
 4 VENDORPATH\phpunit\phpunit\src\Framework\TestCase.php(686): PHPUnit\Framework\TestCase->runTest()
 5 VENDORPATH\phpunit\phpunit\src\Framework\TestRunner.php(105): PHPUnit\Framework\TestCase->runBare()
 6 VENDORPATH\phpunit\phpunit\src\Framework\TestCase.php(516): PHPUnit\Framework\TestRunner->run(Object(ScriptSettingsTest))
 7 VENDORPATH\phpunit\phpunit\src\Framework\TestSuite.php(374): PHPUnit\Framework\TestCase->run()
 8 VENDORPATH\phpunit\phpunit\src\Framework\TestSuite.php(374): PHPUnit\Framework\TestSuite->run()
 9 VENDORPATH\phpunit\phpunit\src\Framework\TestSuite.php(374): PHPUnit\Framework\TestSuite->run()
10 VENDORPATH\phpunit\phpunit\src\TextUI\TestRunner.php(64): PHPUnit\Framework\TestSuite->run()
11 VENDORPATH\phpunit\phpunit\src\TextUI\Application.php(203): PHPUnit\TextUI\TestRunner->run(Object(PHPUnit\TextUI\Configuration\Configuration), Object(PHPUnit\Runner\ResultCache\DefaultResultCache), Object(PHPUnit\Framework\TestSuite))
12 VENDORPATH\phpunit\phpunit\phpunit(104): PHPUnit\TextUI\Application->run([...])
13 VENDORPATH\bin\phpunit(122): include('C:\\xampp\\htdocs\\quizTv\\vendor\\phpunit\\phpunit\\phpunit')
WARNING - 2026-07-19 08:49:37 --> [DEPRECATED] Passing lowercase HTTP method "get" is deprecated. Use uppercase HTTP method like "GET". in SYSTEMPATH\Test\FeatureTestTrait.php on line 168.
 1 SYSTEMPATH\Test\FeatureTestTrait.php(168): trigger_error('Passing lowercase HTTP method "get" is deprecated. Use uppercase HTTP method like "GET".', 16384)
 2 ROOTPATH\tests\unit\SecurityAndDatabaseTest.php(53): SecurityAndDatabaseTest->call('get', 'user/dashboard')
 3 VENDORPATH\phpunit\phpunit\src\Framework\TestCase.php(1188): SecurityAndDatabaseTest->testAuthFiltersRedirect()
 4 VENDORPATH\phpunit\phpunit\src\Framework\TestCase.php(686): PHPUnit\Framework\TestCase->runTest()
 5 VENDORPATH\phpunit\phpunit\src\Framework\TestRunner.php(105): PHPUnit\Framework\TestCase->runBare()
 6 VENDORPATH\phpunit\phpunit\src\Framework\TestCase.php(516): PHPUnit\Framework\TestRunner->run(Object(SecurityAndDatabaseTest))
 7 VENDORPATH\phpunit\phpunit\src\Framework\TestSuite.php(374): PHPUnit\Framework\TestCase->run()
 8 VENDORPATH\phpunit\phpunit\src\Framework\TestSuite.php(374): PHPUnit\Framework\TestSuite->run()
 9 VENDORPATH\phpunit\phpunit\src\Framework\TestSuite.php(374): PHPUnit\Framework\TestSuite->run()
10 VENDORPATH\phpunit\phpunit\src\TextUI\TestRunner.php(64): PHPUnit\Framework\TestSuite->run()
11 VENDORPATH\phpunit\phpunit\src\TextUI\Application.php(203): PHPUnit\TextUI\TestRunner->run(Object(PHPUnit\TextUI\Configuration\Configuration), Object(PHPUnit\Runner\ResultCache\DefaultResultCache), Object(PHPUnit\Framework\TestSuite))
12 VENDORPATH\phpunit\phpunit\phpunit(104): PHPUnit\TextUI\Application->run([...])
13 VENDORPATH\bin\phpunit(122): include('C:\\xampp\\htdocs\\quizTv\\vendor\\phpunit\\phpunit\\phpunit')
ERROR - 2026-07-19 08:49:37 --> mysqli_sql_exception: Table 'quiztv.ad_settings' doesn't exist in C:\xampp\htdocs\quizTv\vendor\codeigniter4\framework\system\Database\MySQLi\Connection.php:327
Stack trace:
#0 C:\xampp\htdocs\quizTv\vendor\codeigniter4\framework\system\Database\MySQLi\Connection.php(327): mysqli->query('SELECT *\nFROM `...', 0)
#1 C:\xampp\htdocs\quizTv\vendor\codeigniter4\framework\system\Database\BaseConnection.php(738): CodeIgniter\Database\MySQLi\Connection->execute('SELECT *\nFROM `...')
#2 C:\xampp\htdocs\quizTv\vendor\codeigniter4\framework\system\Database\BaseConnection.php(652): CodeIgniter\Database\BaseConnection->simpleQuery('SELECT *\nFROM `...')
#3 C:\xampp\htdocs\quizTv\vendor\codeigniter4\framework\system\Database\BaseBuilder.php(1649): CodeIgniter\Database\BaseConnection->query('SELECT *\nFROM `...', Array, false)
#4 C:\xampp\htdocs\quizTv\vendor\codeigniter4\framework\system\Model.php(286): CodeIgniter\Database\BaseBuilder->get()
#5 C:\xampp\htdocs\quizTv\vendor\codeigniter4\framework\system\BaseModel.php(675): CodeIgniter\Model->doFindAll(0, 0)
#6 C:\xampp\htdocs\quizTv\app\Models\AdSettingModel.php(71): CodeIgniter\BaseModel->findAll()
#7 C:\xampp\htdocs\quizTv\app\Models\AdSettingModel.php(87): App\Models\AdSettingModel->getAllSettings()
#8 C:\xampp\htdocs\quizTv\tests\unit\SecurityAndDatabaseTest.php(88): App\Models\AdSettingModel->getAdConfig()
#9 C:\xampp\htdocs\quizTv\vendor\phpunit\phpunit\src\Framework\TestCase.php(1188): SecurityAndDatabaseTest->testAdSettingsStructure()
#10 C:\xampp\htdocs\quizTv\vendor\phpunit\phpunit\src\Framework\TestCase.php(686): PHPUnit\Framework\TestCase->runTest()
#11 C:\xampp\htdocs\quizTv\vendor\phpunit\phpunit\src\Framework\TestRunner.php(105): PHPUnit\Framework\TestCase->runBare()
#12 C:\xampp\htdocs\quizTv\vendor\phpunit\phpunit\src\Framework\TestCase.php(516): PHPUnit\Framework\TestRunner->run(Object(SecurityAndDatabaseTest))
#13 C:\xampp\htdocs\quizTv\vendor\phpunit\phpunit\src\Framework\TestSuite.php(374): PHPUnit\Framework\TestCase->run()
#14 C:\xampp\htdocs\quizTv\vendor\phpunit\phpunit\src\Framework\TestSuite.php(374): PHPUnit\Framework\TestSuite->run()
#15 C:\xampp\htdocs\quizTv\vendor\phpunit\phpunit\src\Framework\TestSuite.php(374): PHPUnit\Framework\TestSuite->run()
#16 C:\xampp\htdocs\quizTv\vendor\phpunit\phpunit\src\TextUI\TestRunner.php(64): PHPUnit\Framework\TestSuite->run()
#17 C:\xampp\htdocs\quizTv\vendor\phpunit\phpunit\src\TextUI\Application.php(203): PHPUnit\TextUI\TestRunner->run(Object(PHPUnit\TextUI\Configuration\Configuration), Object(PHPUnit\Runner\ResultCache\DefaultResultCache), Object(PHPUnit\Framework\TestSuite))
#18 C:\xampp\htdocs\quizTv\vendor\phpunit\phpunit\phpunit(104): PHPUnit\TextUI\Application->run(Array)
#19 C:\xampp\htdocs\quizTv\vendor\bin\phpunit(122): include('C:\\xampp\\htdocs...')
#20 {main}
ERROR - 2026-07-19 08:50:42 --> mysqli_sql_exception: Table 'quiztv.script_settings' doesn't exist in C:\xampp\htdocs\quizTv\vendor\codeigniter4\framework\system\Database\MySQLi\Connection.php:327
Stack trace:
#0 C:\xampp\htdocs\quizTv\vendor\codeigniter4\framework\system\Database\MySQLi\Connection.php(327): mysqli->query('SELECT *\nFROM `...', 0)
#1 C:\xampp\htdocs\quizTv\vendor\codeigniter4\framework\system\Database\BaseConnection.php(738): CodeIgniter\Database\MySQLi\Connection->execute('SELECT *\nFROM `...')
#2 C:\xampp\htdocs\quizTv\vendor\codeigniter4\framework\system\Database\BaseConnection.php(652): CodeIgniter\Database\BaseConnection->simpleQuery('SELECT *\nFROM `...')
#3 C:\xampp\htdocs\quizTv\vendor\codeigniter4\framework\system\Database\BaseBuilder.php(1649): CodeIgniter\Database\BaseConnection->query('SELECT *\nFROM `...', Array, false)
#4 C:\xampp\htdocs\quizTv\vendor\codeigniter4\framework\system\Model.php(330): CodeIgniter\Database\BaseBuilder->get()
#5 C:\xampp\htdocs\quizTv\vendor\codeigniter4\framework\system\BaseModel.php(713): CodeIgniter\Model->doFirst()
#6 C:\xampp\htdocs\quizTv\app\Models\ScriptSettingModel.php(53): CodeIgniter\BaseModel->first()
#7 C:\xampp\htdocs\quizTv\tests\unit\ScriptSettingsTest.php(38): App\Models\ScriptSettingModel->setSetting('header_scripts', '<script>console...')
#8 C:\xampp\htdocs\quizTv\vendor\phpunit\phpunit\src\Framework\TestCase.php(1188): ScriptSettingsTest->testScriptSettingsDatabaseModel()
#9 C:\xampp\htdocs\quizTv\vendor\phpunit\phpunit\src\Framework\TestCase.php(686): PHPUnit\Framework\TestCase->runTest()
#10 C:\xampp\htdocs\quizTv\vendor\phpunit\phpunit\src\Framework\TestRunner.php(105): PHPUnit\Framework\TestCase->runBare()
#11 C:\xampp\htdocs\quizTv\vendor\phpunit\phpunit\src\Framework\TestCase.php(516): PHPUnit\Framework\TestRunner->run(Object(ScriptSettingsTest))
#12 C:\xampp\htdocs\quizTv\vendor\phpunit\phpunit\src\Framework\TestSuite.php(374): PHPUnit\Framework\TestCase->run()
#13 C:\xampp\htdocs\quizTv\vendor\phpunit\phpunit\src\Framework\TestSuite.php(374): PHPUnit\Framework\TestSuite->run()
#14 C:\xampp\htdocs\quizTv\vendor\phpunit\phpunit\src\Framework\TestSuite.php(374): PHPUnit\Framework\TestSuite->run()
#15 C:\xampp\htdocs\quizTv\vendor\phpunit\phpunit\src\TextUI\TestRunner.php(64): PHPUnit\Framework\TestSuite->run()
#16 C:\xampp\htdocs\quizTv\vendor\phpunit\phpunit\src\TextUI\Application.php(203): PHPUnit\TextUI\TestRunner->run(Object(PHPUnit\TextUI\Configuration\Configuration), Object(PHPUnit\Runner\ResultCache\DefaultResultCache), Object(PHPUnit\Framework\TestSuite))
#17 C:\xampp\htdocs\quizTv\vendor\phpunit\phpunit\phpunit(104): PHPUnit\TextUI\Application->run(Array)
#18 C:\xampp\htdocs\quizTv\vendor\bin\phpunit(122): include('C:\\xampp\\htdocs...')
#19 {main}
ERROR - 2026-07-19 08:50:42 --> mysqli_sql_exception: Table 'quiztv.script_settings' doesn't exist in C:\xampp\htdocs\quizTv\vendor\codeigniter4\framework\system\Database\MySQLi\Connection.php:327
Stack trace:
#0 C:\xampp\htdocs\quizTv\vendor\codeigniter4\framework\system\Database\MySQLi\Connection.php(327): mysqli->query('SELECT *\nFROM `...', 0)
#1 C:\xampp\htdocs\quizTv\vendor\codeigniter4\framework\system\Database\BaseConnection.php(738): CodeIgniter\Database\MySQLi\Connection->execute('SELECT *\nFROM `...')
#2 C:\xampp\htdocs\quizTv\vendor\codeigniter4\framework\system\Database\BaseConnection.php(652): CodeIgniter\Database\BaseConnection->simpleQuery('SELECT *\nFROM `...')
#3 C:\xampp\htdocs\quizTv\vendor\codeigniter4\framework\system\Database\BaseBuilder.php(1649): CodeIgniter\Database\BaseConnection->query('SELECT *\nFROM `...', Array, false)
#4 C:\xampp\htdocs\quizTv\vendor\codeigniter4\framework\system\Model.php(330): CodeIgniter\Database\BaseBuilder->get()
#5 C:\xampp\htdocs\quizTv\vendor\codeigniter4\framework\system\BaseModel.php(713): CodeIgniter\Model->doFirst()
#6 C:\xampp\htdocs\quizTv\app\Models\ScriptSettingModel.php(53): CodeIgniter\BaseModel->first()
#7 C:\xampp\htdocs\quizTv\tests\unit\ScriptSettingsTest.php(72): App\Models\ScriptSettingModel->setSetting('header_scripts', '<meta name="ant...')
#8 C:\xampp\htdocs\quizTv\vendor\phpunit\phpunit\src\Framework\TestCase.php(1188): ScriptSettingsTest->testScriptSettingsHelper()
#9 C:\xampp\htdocs\quizTv\vendor\phpunit\phpunit\src\Framework\TestCase.php(686): PHPUnit\Framework\TestCase->runTest()
#10 C:\xampp\htdocs\quizTv\vendor\phpunit\phpunit\src\Framework\TestRunner.php(105): PHPUnit\Framework\TestCase->runBare()
#11 C:\xampp\htdocs\quizTv\vendor\phpunit\phpunit\src\Framework\TestCase.php(516): PHPUnit\Framework\TestRunner->run(Object(ScriptSettingsTest))
#12 C:\xampp\htdocs\quizTv\vendor\phpunit\phpunit\src\Framework\TestSuite.php(374): PHPUnit\Framework\TestCase->run()
#13 C:\xampp\htdocs\quizTv\vendor\phpunit\phpunit\src\Framework\TestSuite.php(374): PHPUnit\Framework\TestSuite->run()
#14 C:\xampp\htdocs\quizTv\vendor\phpunit\phpunit\src\Framework\TestSuite.php(374): PHPUnit\Framework\TestSuite->run()
#15 C:\xampp\htdocs\quizTv\vendor\phpunit\phpunit\src\TextUI\TestRunner.php(64): PHPUnit\Framework\TestSuite->run()
#16 C:\xampp\htdocs\quizTv\vendor\phpunit\phpunit\src\TextUI\Application.php(203): PHPUnit\TextUI\TestRunner->run(Object(PHPUnit\TextUI\Configuration\Configuration), Object(PHPUnit\Runner\ResultCache\DefaultResultCache), Object(PHPUnit\Framework\TestSuite))
#17 C:\xampp\htdocs\quizTv\vendor\phpunit\phpunit\phpunit(104): PHPUnit\TextUI\Application->run(Array)
#18 C:\xampp\htdocs\quizTv\vendor\bin\phpunit(122): include('C:\\xampp\\htdocs...')
#19 {main}
WARNING - 2026-07-19 08:50:43 --> [DEPRECATED] Passing lowercase HTTP method "get" is deprecated. Use uppercase HTTP method like "GET". in SYSTEMPATH\Test\FeatureTestTrait.php on line 168.
 1 SYSTEMPATH\Test\FeatureTestTrait.php(168): trigger_error('Passing lowercase HTTP method "get" is deprecated. Use uppercase HTTP method like "GET".', 16384)
 2 ROOTPATH\tests\unit\ScriptSettingsTest.php(93): ScriptSettingsTest->call('get', 'admin/script-settings')
 3 VENDORPATH\phpunit\phpunit\src\Framework\TestCase.php(1188): ScriptSettingsTest->testScriptSettingsRoutesRegistered()
 4 VENDORPATH\phpunit\phpunit\src\Framework\TestCase.php(686): PHPUnit\Framework\TestCase->runTest()
 5 VENDORPATH\phpunit\phpunit\src\Framework\TestRunner.php(105): PHPUnit\Framework\TestCase->runBare()
 6 VENDORPATH\phpunit\phpunit\src\Framework\TestCase.php(516): PHPUnit\Framework\TestRunner->run(Object(ScriptSettingsTest))
 7 VENDORPATH\phpunit\phpunit\src\Framework\TestSuite.php(374): PHPUnit\Framework\TestCase->run()
 8 VENDORPATH\phpunit\phpunit\src\Framework\TestSuite.php(374): PHPUnit\Framework\TestSuite->run()
 9 VENDORPATH\phpunit\phpunit\src\Framework\TestSuite.php(374): PHPUnit\Framework\TestSuite->run()
10 VENDORPATH\phpunit\phpunit\src\TextUI\TestRunner.php(64): PHPUnit\Framework\TestSuite->run()
11 VENDORPATH\phpunit\phpunit\src\TextUI\Application.php(203): PHPUnit\TextUI\TestRunner->run(Object(PHPUnit\TextUI\Configuration\Configuration), Object(PHPUnit\Runner\ResultCache\DefaultResultCache), Object(PHPUnit\Framework\TestSuite))
12 VENDORPATH\phpunit\phpunit\phpunit(104): PHPUnit\TextUI\Application->run([...])
13 VENDORPATH\bin\phpunit(122): include('C:\\xampp\\htdocs\\quizTv\\vendor\\phpunit\\phpunit\\phpunit')
WARNING - 2026-07-19 08:50:43 --> [DEPRECATED] Passing lowercase HTTP method "post" is deprecated. Use uppercase HTTP method like "POST". in SYSTEMPATH\Test\FeatureTestTrait.php on line 168.
 1 SYSTEMPATH\Test\FeatureTestTrait.php(168): trigger_error('Passing lowercase HTTP method "post" is deprecated. Use uppercase HTTP method like "POST".', 16384)
 2 ROOTPATH\tests\unit\ScriptSettingsTest.php(96): ScriptSettingsTest->call('post', 'admin/script-settings/update')
 3 VENDORPATH\phpunit\phpunit\src\Framework\TestCase.php(1188): ScriptSettingsTest->testScriptSettingsRoutesRegistered()
 4 VENDORPATH\phpunit\phpunit\src\Framework\TestCase.php(686): PHPUnit\Framework\TestCase->runTest()
 5 VENDORPATH\phpunit\phpunit\src\Framework\TestRunner.php(105): PHPUnit\Framework\TestCase->runBare()
 6 VENDORPATH\phpunit\phpunit\src\Framework\TestCase.php(516): PHPUnit\Framework\TestRunner->run(Object(ScriptSettingsTest))
 7 VENDORPATH\phpunit\phpunit\src\Framework\TestSuite.php(374): PHPUnit\Framework\TestCase->run()
 8 VENDORPATH\phpunit\phpunit\src\Framework\TestSuite.php(374): PHPUnit\Framework\TestSuite->run()
 9 VENDORPATH\phpunit\phpunit\src\Framework\TestSuite.php(374): PHPUnit\Framework\TestSuite->run()
10 VENDORPATH\phpunit\phpunit\src\TextUI\TestRunner.php(64): PHPUnit\Framework\TestSuite->run()
11 VENDORPATH\phpunit\phpunit\src\TextUI\Application.php(203): PHPUnit\TextUI\TestRunner->run(Object(PHPUnit\TextUI\Configuration\Configuration), Object(PHPUnit\Runner\ResultCache\DefaultResultCache), Object(PHPUnit\Framework\TestSuite))
12 VENDORPATH\phpunit\phpunit\phpunit(104): PHPUnit\TextUI\Application->run([...])
13 VENDORPATH\bin\phpunit(122): include('C:\\xampp\\htdocs\\quizTv\\vendor\\phpunit\\phpunit\\phpunit')
WARNING - 2026-07-19 08:50:45 --> [DEPRECATED] Passing lowercase HTTP method "get" is deprecated. Use uppercase HTTP method like "GET". in SYSTEMPATH\Test\FeatureTestTrait.php on line 168.
 1 SYSTEMPATH\Test\FeatureTestTrait.php(168): trigger_error('Passing lowercase HTTP method "get" is deprecated. Use uppercase HTTP method like "GET".', 16384)
 2 ROOTPATH\tests\unit\SecurityAndDatabaseTest.php(55): SecurityAndDatabaseTest->call('get', 'user/dashboard')
 3 VENDORPATH\phpunit\phpunit\src\Framework\TestCase.php(1188): SecurityAndDatabaseTest->testAuthFiltersRedirect()
 4 VENDORPATH\phpunit\phpunit\src\Framework\TestCase.php(686): PHPUnit\Framework\TestCase->runTest()
 5 VENDORPATH\phpunit\phpunit\src\Framework\TestRunner.php(105): PHPUnit\Framework\TestCase->runBare()
 6 VENDORPATH\phpunit\phpunit\src\Framework\TestCase.php(516): PHPUnit\Framework\TestRunner->run(Object(SecurityAndDatabaseTest))
 7 VENDORPATH\phpunit\phpunit\src\Framework\TestSuite.php(374): PHPUnit\Framework\TestCase->run()
 8 VENDORPATH\phpunit\phpunit\src\Framework\TestSuite.php(374): PHPUnit\Framework\TestSuite->run()
 9 VENDORPATH\phpunit\phpunit\src\Framework\TestSuite.php(374): PHPUnit\Framework\TestSuite->run()
10 VENDORPATH\phpunit\phpunit\src\TextUI\TestRunner.php(64): PHPUnit\Framework\TestSuite->run()
11 VENDORPATH\phpunit\phpunit\src\TextUI\Application.php(203): PHPUnit\TextUI\TestRunner->run(Object(PHPUnit\TextUI\Configuration\Configuration), Object(PHPUnit\Runner\ResultCache\DefaultResultCache), Object(PHPUnit\Framework\TestSuite))
12 VENDORPATH\phpunit\phpunit\phpunit(104): PHPUnit\TextUI\Application->run([...])
13 VENDORPATH\bin\phpunit(122): include('C:\\xampp\\htdocs\\quizTv\\vendor\\phpunit\\phpunit\\phpunit')
WARNING - 2026-07-19 08:50:45 --> [DEPRECATED] Passing lowercase HTTP method "get" is deprecated. Use uppercase HTTP method like "GET". in SYSTEMPATH\Test\FeatureTestTrait.php on line 168.
 1 SYSTEMPATH\Test\FeatureTestTrait.php(168): trigger_error('Passing lowercase HTTP method "get" is deprecated. Use uppercase HTTP method like "GET".', 16384)
 2 ROOTPATH\tests\unit\SecurityAndDatabaseTest.php(59): SecurityAndDatabaseTest->call('get', 'admin')
 3 VENDORPATH\phpunit\phpunit\src\Framework\TestCase.php(1188): SecurityAndDatabaseTest->testAuthFiltersRedirect()
 4 VENDORPATH\phpunit\phpunit\src\Framework\TestCase.php(686): PHPUnit\Framework\TestCase->runTest()
 5 VENDORPATH\phpunit\phpunit\src\Framework\TestRunner.php(105): PHPUnit\Framework\TestCase->runBare()
 6 VENDORPATH\phpunit\phpunit\src\Framework\TestCase.php(516): PHPUnit\Framework\TestRunner->run(Object(SecurityAndDatabaseTest))
 7 VENDORPATH\phpunit\phpunit\src\Framework\TestSuite.php(374): PHPUnit\Framework\TestCase->run()
 8 VENDORPATH\phpunit\phpunit\src\Framework\TestSuite.php(374): PHPUnit\Framework\TestSuite->run()
 9 VENDORPATH\phpunit\phpunit\src\Framework\TestSuite.php(374): PHPUnit\Framework\TestSuite->run()
10 VENDORPATH\phpunit\phpunit\src\TextUI\TestRunner.php(64): PHPUnit\Framework\TestSuite->run()
11 VENDORPATH\phpunit\phpunit\src\TextUI\Application.php(203): PHPUnit\TextUI\TestRunner->run(Object(PHPUnit\TextUI\Configuration\Configuration), Object(PHPUnit\Runner\ResultCache\DefaultResultCache), Object(PHPUnit\Framework\TestSuite))
12 VENDORPATH\phpunit\phpunit\phpunit(104): PHPUnit\TextUI\Application->run([...])
13 VENDORPATH\bin\phpunit(122): include('C:\\xampp\\htdocs\\quizTv\\vendor\\phpunit\\phpunit\\phpunit')
ERROR - 2026-07-19 08:50:46 --> mysqli_sql_exception: Table 'quiztv.ad_settings' doesn't exist in C:\xampp\htdocs\quizTv\vendor\codeigniter4\framework\system\Database\MySQLi\Connection.php:327
Stack trace:
#0 C:\xampp\htdocs\quizTv\vendor\codeigniter4\framework\system\Database\MySQLi\Connection.php(327): mysqli->query('SELECT *\nFROM `...', 0)
#1 C:\xampp\htdocs\quizTv\vendor\codeigniter4\framework\system\Database\BaseConnection.php(738): CodeIgniter\Database\MySQLi\Connection->execute('SELECT *\nFROM `...')
#2 C:\xampp\htdocs\quizTv\vendor\codeigniter4\framework\system\Database\BaseConnection.php(652): CodeIgniter\Database\BaseConnection->simpleQuery('SELECT *\nFROM `...')
#3 C:\xampp\htdocs\quizTv\vendor\codeigniter4\framework\system\Database\BaseBuilder.php(1649): CodeIgniter\Database\BaseConnection->query('SELECT *\nFROM `...', Array, false)
#4 C:\xampp\htdocs\quizTv\vendor\codeigniter4\framework\system\Model.php(286): CodeIgniter\Database\BaseBuilder->get()
#5 C:\xampp\htdocs\quizTv\vendor\codeigniter4\framework\system\BaseModel.php(675): CodeIgniter\Model->doFindAll(0, 0)
#6 C:\xampp\htdocs\quizTv\app\Models\AdSettingModel.php(71): CodeIgniter\BaseModel->findAll()
#7 C:\xampp\htdocs\quizTv\app\Models\AdSettingModel.php(87): App\Models\AdSettingModel->getAllSettings()
#8 C:\xampp\htdocs\quizTv\tests\unit\SecurityAndDatabaseTest.php(90): App\Models\AdSettingModel->getAdConfig()
#9 C:\xampp\htdocs\quizTv\vendor\phpunit\phpunit\src\Framework\TestCase.php(1188): SecurityAndDatabaseTest->testAdSettingsStructure()
#10 C:\xampp\htdocs\quizTv\vendor\phpunit\phpunit\src\Framework\TestCase.php(686): PHPUnit\Framework\TestCase->runTest()
#11 C:\xampp\htdocs\quizTv\vendor\phpunit\phpunit\src\Framework\TestRunner.php(105): PHPUnit\Framework\TestCase->runBare()
#12 C:\xampp\htdocs\quizTv\vendor\phpunit\phpunit\src\Framework\TestCase.php(516): PHPUnit\Framework\TestRunner->run(Object(SecurityAndDatabaseTest))
#13 C:\xampp\htdocs\quizTv\vendor\phpunit\phpunit\src\Framework\TestSuite.php(374): PHPUnit\Framework\TestCase->run()
#14 C:\xampp\htdocs\quizTv\vendor\phpunit\phpunit\src\Framework\TestSuite.php(374): PHPUnit\Framework\TestSuite->run()
#15 C:\xampp\htdocs\quizTv\vendor\phpunit\phpunit\src\Framework\TestSuite.php(374): PHPUnit\Framework\TestSuite->run()
#16 C:\xampp\htdocs\quizTv\vendor\phpunit\phpunit\src\TextUI\TestRunner.php(64): PHPUnit\Framework\TestSuite->run()
#17 C:\xampp\htdocs\quizTv\vendor\phpunit\phpunit\src\TextUI\Application.php(203): PHPUnit\TextUI\TestRunner->run(Object(PHPUnit\TextUI\Configuration\Configuration), Object(PHPUnit\Runner\ResultCache\DefaultResultCache), Object(PHPUnit\Framework\TestSuite))
#18 C:\xampp\htdocs\quizTv\vendor\phpunit\phpunit\phpunit(104): PHPUnit\TextUI\Application->run(Array)
#19 C:\xampp\htdocs\quizTv\vendor\bin\phpunit(122): include('C:\\xampp\\htdocs...')
#20 {main}
ERROR - 2026-07-19 08:50:51 --> mysqli_sql_exception: Table 'quiztv.script_settings' doesn't exist in C:\xampp\htdocs\quizTv\vendor\codeigniter4\framework\system\Database\MySQLi\Connection.php:327
Stack trace:
#0 C:\xampp\htdocs\quizTv\vendor\codeigniter4\framework\system\Database\MySQLi\Connection.php(327): mysqli->query('SELECT *\nFROM `...', 0)
#1 C:\xampp\htdocs\quizTv\vendor\codeigniter4\framework\system\Database\BaseConnection.php(738): CodeIgniter\Database\MySQLi\Connection->execute('SELECT *\nFROM `...')
#2 C:\xampp\htdocs\quizTv\vendor\codeigniter4\framework\system\Database\BaseConnection.php(652): CodeIgniter\Database\BaseConnection->simpleQuery('SELECT *\nFROM `...')
#3 C:\xampp\htdocs\quizTv\vendor\codeigniter4\framework\system\Database\BaseBuilder.php(1649): CodeIgniter\Database\BaseConnection->query('SELECT *\nFROM `...', Array, false)
#4 C:\xampp\htdocs\quizTv\vendor\codeigniter4\framework\system\Model.php(330): CodeIgniter\Database\BaseBuilder->get()
#5 C:\xampp\htdocs\quizTv\vendor\codeigniter4\framework\system\BaseModel.php(713): CodeIgniter\Model->doFirst()
#6 C:\xampp\htdocs\quizTv\app\Models\ScriptSettingModel.php(53): CodeIgniter\BaseModel->first()
#7 C:\xampp\htdocs\quizTv\tests\unit\ScriptSettingsTest.php(38): App\Models\ScriptSettingModel->setSetting('header_scripts', '<script>console...')
#8 C:\xampp\htdocs\quizTv\vendor\phpunit\phpunit\src\Framework\TestCase.php(1188): ScriptSettingsTest->testScriptSettingsDatabaseModel()
#9 C:\xampp\htdocs\quizTv\vendor\phpunit\phpunit\src\Framework\TestCase.php(686): PHPUnit\Framework\TestCase->runTest()
#10 C:\xampp\htdocs\quizTv\vendor\phpunit\phpunit\src\Framework\TestRunner.php(105): PHPUnit\Framework\TestCase->runBare()
#11 C:\xampp\htdocs\quizTv\vendor\phpunit\phpunit\src\Framework\TestCase.php(516): PHPUnit\Framework\TestRunner->run(Object(ScriptSettingsTest))
#12 C:\xampp\htdocs\quizTv\vendor\phpunit\phpunit\src\Framework\TestSuite.php(374): PHPUnit\Framework\TestCase->run()
#13 C:\xampp\htdocs\quizTv\vendor\phpunit\phpunit\src\TextUI\TestRunner.php(64): PHPUnit\Framework\TestSuite->run()
#14 C:\xampp\htdocs\quizTv\vendor\phpunit\phpunit\src\TextUI\Application.php(203): PHPUnit\TextUI\TestRunner->run(Object(PHPUnit\TextUI\Configuration\Configuration), Object(PHPUnit\Runner\ResultCache\DefaultResultCache), Object(PHPUnit\Framework\TestSuite))
#15 C:\xampp\htdocs\quizTv\vendor\phpunit\phpunit\phpunit(104): PHPUnit\TextUI\Application->run(Array)
#16 C:\xampp\htdocs\quizTv\vendor\bin\phpunit(122): include('C:\\xampp\\htdocs...')
#17 {main}
ERROR - 2026-07-19 08:50:51 --> mysqli_sql_exception: Table 'quiztv.script_settings' doesn't exist in C:\xampp\htdocs\quizTv\vendor\codeigniter4\framework\system\Database\MySQLi\Connection.php:327
Stack trace:
#0 C:\xampp\htdocs\quizTv\vendor\codeigniter4\framework\system\Database\MySQLi\Connection.php(327): mysqli->query('SELECT *\nFROM `...', 0)
#1 C:\xampp\htdocs\quizTv\vendor\codeigniter4\framework\system\Database\BaseConnection.php(738): CodeIgniter\Database\MySQLi\Connection->execute('SELECT *\nFROM `...')
#2 C:\xampp\htdocs\quizTv\vendor\codeigniter4\framework\system\Database\BaseConnection.php(652): CodeIgniter\Database\BaseConnection->simpleQuery('SELECT *\nFROM `...')
#3 C:\xampp\htdocs\quizTv\vendor\codeigniter4\framework\system\Database\BaseBuilder.php(1649): CodeIgniter\Database\BaseConnection->query('SELECT *\nFROM `...', Array, false)
#4 C:\xampp\htdocs\quizTv\vendor\codeigniter4\framework\system\Model.php(330): CodeIgniter\Database\BaseBuilder->get()
#5 C:\xampp\htdocs\quizTv\vendor\codeigniter4\framework\system\BaseModel.php(713): CodeIgniter\Model->doFirst()
#6 C:\xampp\htdocs\quizTv\app\Models\ScriptSettingModel.php(53): CodeIgniter\BaseModel->first()
#7 C:\xampp\htdocs\quizTv\tests\unit\ScriptSettingsTest.php(72): App\Models\ScriptSettingModel->setSetting('header_scripts', '<meta name="ant...')
#8 C:\xampp\htdocs\quizTv\vendor\phpunit\phpunit\src\Framework\TestCase.php(1188): ScriptSettingsTest->testScriptSettingsHelper()
#9 C:\xampp\htdocs\quizTv\vendor\phpunit\phpunit\src\Framework\TestCase.php(686): PHPUnit\Framework\TestCase->runTest()
#10 C:\xampp\htdocs\quizTv\vendor\phpunit\phpunit\src\Framework\TestRunner.php(105): PHPUnit\Framework\TestCase->runBare()
#11 C:\xampp\htdocs\quizTv\vendor\phpunit\phpunit\src\Framework\TestCase.php(516): PHPUnit\Framework\TestRunner->run(Object(ScriptSettingsTest))
#12 C:\xampp\htdocs\quizTv\vendor\phpunit\phpunit\src\Framework\TestSuite.php(374): PHPUnit\Framework\TestCase->run()
#13 C:\xampp\htdocs\quizTv\vendor\phpunit\phpunit\src\TextUI\TestRunner.php(64): PHPUnit\Framework\TestSuite->run()
#14 C:\xampp\htdocs\quizTv\vendor\phpunit\phpunit\src\TextUI\Application.php(203): PHPUnit\TextUI\TestRunner->run(Object(PHPUnit\TextUI\Configuration\Configuration), Object(PHPUnit\Runner\ResultCache\DefaultResultCache), Object(PHPUnit\Framework\TestSuite))
#15 C:\xampp\htdocs\quizTv\vendor\phpunit\phpunit\phpunit(104): PHPUnit\TextUI\Application->run(Array)
#16 C:\xampp\htdocs\quizTv\vendor\bin\phpunit(122): include('C:\\xampp\\htdocs...')
#17 {main}
WARNING - 2026-07-19 08:50:52 --> [DEPRECATED] Passing lowercase HTTP method "get" is deprecated. Use uppercase HTTP method like "GET". in SYSTEMPATH\Test\FeatureTestTrait.php on line 168.
 1 SYSTEMPATH\Test\FeatureTestTrait.php(168): trigger_error('Passing lowercase HTTP method "get" is deprecated. Use uppercase HTTP method like "GET".', 16384)
 2 ROOTPATH\tests\unit\ScriptSettingsTest.php(93): ScriptSettingsTest->call('get', 'admin/script-settings')
 3 VENDORPATH\phpunit\phpunit\src\Framework\TestCase.php(1188): ScriptSettingsTest->testScriptSettingsRoutesRegistered()
 4 VENDORPATH\phpunit\phpunit\src\Framework\TestCase.php(686): PHPUnit\Framework\TestCase->runTest()
 5 VENDORPATH\phpunit\phpunit\src\Framework\TestRunner.php(105): PHPUnit\Framework\TestCase->runBare()
 6 VENDORPATH\phpunit\phpunit\src\Framework\TestCase.php(516): PHPUnit\Framework\TestRunner->run(Object(ScriptSettingsTest))
 7 VENDORPATH\phpunit\phpunit\src\Framework\TestSuite.php(374): PHPUnit\Framework\TestCase->run()
 8 VENDORPATH\phpunit\phpunit\src\TextUI\TestRunner.php(64): PHPUnit\Framework\TestSuite->run()
 9 VENDORPATH\phpunit\phpunit\src\TextUI\Application.php(203): PHPUnit\TextUI\TestRunner->run(Object(PHPUnit\TextUI\Configuration\Configuration), Object(PHPUnit\Runner\ResultCache\DefaultResultCache), Object(PHPUnit\Framework\TestSuite))
10 VENDORPATH\phpunit\phpunit\phpunit(104): PHPUnit\TextUI\Application->run([...])
11 VENDORPATH\bin\phpunit(122): include('C:\\xampp\\htdocs\\quizTv\\vendor\\phpunit\\phpunit\\phpunit')
WARNING - 2026-07-19 08:50:52 --> [DEPRECATED] Passing lowercase HTTP method "post" is deprecated. Use uppercase HTTP method like "POST". in SYSTEMPATH\Test\FeatureTestTrait.php on line 168.
 1 SYSTEMPATH\Test\FeatureTestTrait.php(168): trigger_error('Passing lowercase HTTP method "post" is deprecated. Use uppercase HTTP method like "POST".', 16384)
 2 ROOTPATH\tests\unit\ScriptSettingsTest.php(96): ScriptSettingsTest->call('post', 'admin/script-settings/update')
 3 VENDORPATH\phpunit\phpunit\src\Framework\TestCase.php(1188): ScriptSettingsTest->testScriptSettingsRoutesRegistered()
 4 VENDORPATH\phpunit\phpunit\src\Framework\TestCase.php(686): PHPUnit\Framework\TestCase->runTest()
 5 VENDORPATH\phpunit\phpunit\src\Framework\TestRunner.php(105): PHPUnit\Framework\TestCase->runBare()
 6 VENDORPATH\phpunit\phpunit\src\Framework\TestCase.php(516): PHPUnit\Framework\TestRunner->run(Object(ScriptSettingsTest))
 7 VENDORPATH\phpunit\phpunit\src\Framework\TestSuite.php(374): PHPUnit\Framework\TestCase->run()
 8 VENDORPATH\phpunit\phpunit\src\TextUI\TestRunner.php(64): PHPUnit\Framework\TestSuite->run()
 9 VENDORPATH\phpunit\phpunit\src\TextUI\Application.php(203): PHPUnit\TextUI\TestRunner->run(Object(PHPUnit\TextUI\Configuration\Configuration), Object(PHPUnit\Runner\ResultCache\DefaultResultCache), Object(PHPUnit\Framework\TestSuite))
10 VENDORPATH\phpunit\phpunit\phpunit(104): PHPUnit\TextUI\Application->run([...])
11 VENDORPATH\bin\phpunit(122): include('C:\\xampp\\htdocs\\quizTv\\vendor\\phpunit\\phpunit\\phpunit')
ERROR - 2026-07-19 08:51:18 --> mysqli_sql_exception: Table 'quiztv.script_settings' doesn't exist in C:\xampp\htdocs\quizTv\vendor\codeigniter4\framework\system\Database\MySQLi\Connection.php:327
Stack trace:
#0 C:\xampp\htdocs\quizTv\vendor\codeigniter4\framework\system\Database\MySQLi\Connection.php(327): mysqli->query('SELECT *\nFROM `...', 0)
#1 C:\xampp\htdocs\quizTv\vendor\codeigniter4\framework\system\Database\BaseConnection.php(738): CodeIgniter\Database\MySQLi\Connection->execute('SELECT *\nFROM `...')
#2 C:\xampp\htdocs\quizTv\vendor\codeigniter4\framework\system\Database\BaseConnection.php(652): CodeIgniter\Database\BaseConnection->simpleQuery('SELECT *\nFROM `...')
#3 C:\xampp\htdocs\quizTv\vendor\codeigniter4\framework\system\Database\BaseBuilder.php(1649): CodeIgniter\Database\BaseConnection->query('SELECT *\nFROM `...', Array, false)
#4 C:\xampp\htdocs\quizTv\vendor\codeigniter4\framework\system\Model.php(286): CodeIgniter\Database\BaseBuilder->get()
#5 C:\xampp\htdocs\quizTv\vendor\codeigniter4\framework\system\BaseModel.php(675): CodeIgniter\Model->doFindAll(0, 0)
#6 C:\xampp\htdocs\quizTv\app\Models\ScriptSettingModel.php(70): CodeIgniter\BaseModel->findAll()
#7 C:\xampp\htdocs\quizTv\app\Controllers\Admin\ScriptSettingsController.php(20): App\Models\ScriptSettingModel->getAllSettings()
#8 C:\xampp\htdocs\quizTv\vendor\codeigniter4\framework\system\CodeIgniter.php(933): App\Controllers\Admin\ScriptSettingsController->index()
#9 C:\xampp\htdocs\quizTv\vendor\codeigniter4\framework\system\CodeIgniter.php(507): CodeIgniter\CodeIgniter->runController(Object(App\Controllers\Admin\ScriptSettingsController))
#10 C:\xampp\htdocs\quizTv\vendor\codeigniter4\framework\system\CodeIgniter.php(354): CodeIgniter\CodeIgniter->handleRequest(NULL, Object(Config\Cache), false)
#11 C:\xampp\htdocs\quizTv\vendor\codeigniter4\framework\system\Boot.php(334): CodeIgniter\CodeIgniter->run()
#12 C:\xampp\htdocs\quizTv\vendor\codeigniter4\framework\system\Boot.php(67): CodeIgniter\Boot::runCodeIgniter(Object(CodeIgniter\CodeIgniter))
#13 C:\xampp\htdocs\quizTv\index.php(56): CodeIgniter\Boot::bootWeb(Object(Config\Paths))
#14 {main}
CRITICAL - 2026-07-19 08:51:18 --> CodeIgniter\Database\Exceptions\DatabaseException: Table 'quiztv.script_settings' doesn't exist
[Method: GET, Route: admin/script-settings]
in SYSTEMPATH\Database\BaseConnection.php on line 692.
 1 SYSTEMPATH\Database\BaseBuilder.php(1649): CodeIgniter\Database\BaseConnection->query('SELECT *
FROM `script_settings`', [], false)
 2 SYSTEMPATH\Model.php(286): CodeIgniter\Database\BaseBuilder->get()
 3 SYSTEMPATH\BaseModel.php(675): CodeIgniter\Model->doFindAll(0, 0)
 4 APPPATH\Models\ScriptSettingModel.php(70): CodeIgniter\BaseModel->findAll()
 5 APPPATH\Controllers\Admin\ScriptSettingsController.php(20): App\Models\ScriptSettingModel->getAllSettings()
 6 SYSTEMPATH\CodeIgniter.php(933): App\Controllers\Admin\ScriptSettingsController->index()
 7 SYSTEMPATH\CodeIgniter.php(507): CodeIgniter\CodeIgniter->runController(Object(App\Controllers\Admin\ScriptSettingsController))
 8 SYSTEMPATH\CodeIgniter.php(354): CodeIgniter\CodeIgniter->handleRequest(null, Object(Config\Cache), false)
 9 SYSTEMPATH\Boot.php(334): CodeIgniter\CodeIgniter->run()
10 SYSTEMPATH\Boot.php(67): CodeIgniter\Boot::runCodeIgniter(Object(CodeIgniter\CodeIgniter))
11 FCPATH\index.php(56): CodeIgniter\Boot::bootWeb(Object(Config\Paths))
CRITICAL - 2026-07-19 08:51:18 --> [Caused by] CodeIgniter\Database\Exceptions\DatabaseException: Table 'quiztv.script_settings' doesn't exist
in SYSTEMPATH\Database\MySQLi\Connection.php on line 332.
 1 SYSTEMPATH\Database\BaseConnection.php(738): CodeIgniter\Database\MySQLi\Connection->execute('SELECT *
FROM `script_settings`')
 2 SYSTEMPATH\Database\BaseConnection.php(652): CodeIgniter\Database\BaseConnection->simpleQuery('SELECT *
FROM `script_settings`')
 3 SYSTEMPATH\Database\BaseBuilder.php(1649): CodeIgniter\Database\BaseConnection->query('SELECT *
FROM `script_settings`', [], false)
 4 SYSTEMPATH\Model.php(286): CodeIgniter\Database\BaseBuilder->get()
 5 SYSTEMPATH\BaseModel.php(675): CodeIgniter\Model->doFindAll(0, 0)
 6 APPPATH\Models\ScriptSettingModel.php(70): CodeIgniter\BaseModel->findAll()
 7 APPPATH\Controllers\Admin\ScriptSettingsController.php(20): App\Models\ScriptSettingModel->getAllSettings()
 8 SYSTEMPATH\CodeIgniter.php(933): App\Controllers\Admin\ScriptSettingsController->index()
 9 SYSTEMPATH\CodeIgniter.php(507): CodeIgniter\CodeIgniter->runController(Object(App\Controllers\Admin\ScriptSettingsController))
10 SYSTEMPATH\CodeIgniter.php(354): CodeIgniter\CodeIgniter->handleRequest(null, Object(Config\Cache), false)
11 SYSTEMPATH\Boot.php(334): CodeIgniter\CodeIgniter->run()
12 SYSTEMPATH\Boot.php(67): CodeIgniter\Boot::runCodeIgniter(Object(CodeIgniter\CodeIgniter))
13 FCPATH\index.php(56): CodeIgniter\Boot::bootWeb(Object(Config\Paths))
CRITICAL - 2026-07-19 08:51:18 --> [Caused by] mysqli_sql_exception: Table 'quiztv.script_settings' doesn't exist
in SYSTEMPATH\Database\MySQLi\Connection.php on line 327.
 1 SYSTEMPATH\Database\MySQLi\Connection.php(327): mysqli->query('SELECT *
FROM `script_settings`', 0)
 2 SYSTEMPATH\Database\BaseConnection.php(738): CodeIgniter\Database\MySQLi\Connection->execute('SELECT *
FROM `script_settings`')
 3 SYSTEMPATH\Database\BaseConnection.php(652): CodeIgniter\Database\BaseConnection->simpleQuery('SELECT *
FROM `script_settings`')
 4 SYSTEMPATH\Database\BaseBuilder.php(1649): CodeIgniter\Database\BaseConnection->query('SELECT *
FROM `script_settings`', [], false)
 5 SYSTEMPATH\Model.php(286): CodeIgniter\Database\BaseBuilder->get()
 6 SYSTEMPATH\BaseModel.php(675): CodeIgniter\Model->doFindAll(0, 0)
 7 APPPATH\Models\ScriptSettingModel.php(70): CodeIgniter\BaseModel->findAll()
 8 APPPATH\Controllers\Admin\ScriptSettingsController.php(20): App\Models\ScriptSettingModel->getAllSettings()
 9 SYSTEMPATH\CodeIgniter.php(933): App\Controllers\Admin\ScriptSettingsController->index()
10 SYSTEMPATH\CodeIgniter.php(507): CodeIgniter\CodeIgniter->runController(Object(App\Controllers\Admin\ScriptSettingsController))
11 SYSTEMPATH\CodeIgniter.php(354): CodeIgniter\CodeIgniter->handleRequest(null, Object(Config\Cache), false)
12 SYSTEMPATH\Boot.php(334): CodeIgniter\CodeIgniter->run()
13 SYSTEMPATH\Boot.php(67): CodeIgniter\Boot::runCodeIgniter(Object(CodeIgniter\CodeIgniter))
14 FCPATH\index.php(56): CodeIgniter\Boot::bootWeb(Object(Config\Paths))
ERROR - 2026-07-19 08:51:23 --> mysqli_sql_exception: Table 'quiztv.script_settings' doesn't exist in C:\xampp\htdocs\quizTv\vendor\codeigniter4\framework\system\Database\MySQLi\Connection.php:327
Stack trace:
#0 C:\xampp\htdocs\quizTv\vendor\codeigniter4\framework\system\Database\MySQLi\Connection.php(327): mysqli->query('SELECT *\nFROM `...', 0)
#1 C:\xampp\htdocs\quizTv\vendor\codeigniter4\framework\system\Database\BaseConnection.php(738): CodeIgniter\Database\MySQLi\Connection->execute('SELECT *\nFROM `...')
#2 C:\xampp\htdocs\quizTv\vendor\codeigniter4\framework\system\Database\BaseConnection.php(652): CodeIgniter\Database\BaseConnection->simpleQuery('SELECT *\nFROM `...')
#3 C:\xampp\htdocs\quizTv\vendor\codeigniter4\framework\system\Database\BaseBuilder.php(1649): CodeIgniter\Database\BaseConnection->query('SELECT *\nFROM `...', Array, false)
#4 C:\xampp\htdocs\quizTv\vendor\codeigniter4\framework\system\Model.php(286): CodeIgniter\Database\BaseBuilder->get()
#5 C:\xampp\htdocs\quizTv\vendor\codeigniter4\framework\system\BaseModel.php(675): CodeIgniter\Model->doFindAll(0, 0)
#6 C:\xampp\htdocs\quizTv\app\Models\ScriptSettingModel.php(70): CodeIgniter\BaseModel->findAll()
#7 C:\xampp\htdocs\quizTv\app\Controllers\Admin\ScriptSettingsController.php(20): App\Models\ScriptSettingModel->getAllSettings()
#8 C:\xampp\htdocs\quizTv\vendor\codeigniter4\framework\system\CodeIgniter.php(933): App\Controllers\Admin\ScriptSettingsController->index()
#9 C:\xampp\htdocs\quizTv\vendor\codeigniter4\framework\system\CodeIgniter.php(507): CodeIgniter\CodeIgniter->runController(Object(App\Controllers\Admin\ScriptSettingsController))
#10 C:\xampp\htdocs\quizTv\vendor\codeigniter4\framework\system\CodeIgniter.php(354): CodeIgniter\CodeIgniter->handleRequest(NULL, Object(Config\Cache), false)
#11 C:\xampp\htdocs\quizTv\vendor\codeigniter4\framework\system\Boot.php(334): CodeIgniter\CodeIgniter->run()
#12 C:\xampp\htdocs\quizTv\vendor\codeigniter4\framework\system\Boot.php(67): CodeIgniter\Boot::runCodeIgniter(Object(CodeIgniter\CodeIgniter))
#13 C:\xampp\htdocs\quizTv\index.php(56): CodeIgniter\Boot::bootWeb(Object(Config\Paths))
#14 {main}
CRITICAL - 2026-07-19 08:51:23 --> CodeIgniter\Database\Exceptions\DatabaseException: Table 'quiztv.script_settings' doesn't exist
[Method: GET, Route: admin/script-settings]
in SYSTEMPATH\Database\BaseConnection.php on line 692.
 1 SYSTEMPATH\Database\BaseBuilder.php(1649): CodeIgniter\Database\BaseConnection->query('SELECT *
FROM `script_settings`', [], false)
 2 SYSTEMPATH\Model.php(286): CodeIgniter\Database\BaseBuilder->get()
 3 SYSTEMPATH\BaseModel.php(675): CodeIgniter\Model->doFindAll(0, 0)
 4 APPPATH\Models\ScriptSettingModel.php(70): CodeIgniter\BaseModel->findAll()
 5 APPPATH\Controllers\Admin\ScriptSettingsController.php(20): App\Models\ScriptSettingModel->getAllSettings()
 6 SYSTEMPATH\CodeIgniter.php(933): App\Controllers\Admin\ScriptSettingsController->index()
 7 SYSTEMPATH\CodeIgniter.php(507): CodeIgniter\CodeIgniter->runController(Object(App\Controllers\Admin\ScriptSettingsController))
 8 SYSTEMPATH\CodeIgniter.php(354): CodeIgniter\CodeIgniter->handleRequest(null, Object(Config\Cache), false)
 9 SYSTEMPATH\Boot.php(334): CodeIgniter\CodeIgniter->run()
10 SYSTEMPATH\Boot.php(67): CodeIgniter\Boot::runCodeIgniter(Object(CodeIgniter\CodeIgniter))
11 FCPATH\index.php(56): CodeIgniter\Boot::bootWeb(Object(Config\Paths))
CRITICAL - 2026-07-19 08:51:23 --> [Caused by] CodeIgniter\Database\Exceptions\DatabaseException: Table 'quiztv.script_settings' doesn't exist
in SYSTEMPATH\Database\MySQLi\Connection.php on line 332.
 1 SYSTEMPATH\Database\BaseConnection.php(738): CodeIgniter\Database\MySQLi\Connection->execute('SELECT *
FROM `script_settings`')
 2 SYSTEMPATH\Database\BaseConnection.php(652): CodeIgniter\Database\BaseConnection->simpleQuery('SELECT *
FROM `script_settings`')
 3 SYSTEMPATH\Database\BaseBuilder.php(1649): CodeIgniter\Database\BaseConnection->query('SELECT *
FROM `script_settings`', [], false)
 4 SYSTEMPATH\Model.php(286): CodeIgniter\Database\BaseBuilder->get()
 5 SYSTEMPATH\BaseModel.php(675): CodeIgniter\Model->doFindAll(0, 0)
 6 APPPATH\Models\ScriptSettingModel.php(70): CodeIgniter\BaseModel->findAll()
 7 APPPATH\Controllers\Admin\ScriptSettingsController.php(20): App\Models\ScriptSettingModel->getAllSettings()
 8 SYSTEMPATH\CodeIgniter.php(933): App\Controllers\Admin\ScriptSettingsController->index()
 9 SYSTEMPATH\CodeIgniter.php(507): CodeIgniter\CodeIgniter->runController(Object(App\Controllers\Admin\ScriptSettingsController))
10 SYSTEMPATH\CodeIgniter.php(354): CodeIgniter\CodeIgniter->handleRequest(null, Object(Config\Cache), false)
11 SYSTEMPATH\Boot.php(334): CodeIgniter\CodeIgniter->run()
12 SYSTEMPATH\Boot.php(67): CodeIgniter\Boot::runCodeIgniter(Object(CodeIgniter\CodeIgniter))
13 FCPATH\index.php(56): CodeIgniter\Boot::bootWeb(Object(Config\Paths))
CRITICAL - 2026-07-19 08:51:23 --> [Caused by] mysqli_sql_exception: Table 'quiztv.script_settings' doesn't exist
in SYSTEMPATH\Database\MySQLi\Connection.php on line 327.
 1 SYSTEMPATH\Database\MySQLi\Connection.php(327): mysqli->query('SELECT *
FROM `script_settings`', 0)
 2 SYSTEMPATH\Database\BaseConnection.php(738): CodeIgniter\Database\MySQLi\Connection->execute('SELECT *
FROM `script_settings`')
 3 SYSTEMPATH\Database\BaseConnection.php(652): CodeIgniter\Database\BaseConnection->simpleQuery('SELECT *
FROM `script_settings`')
 4 SYSTEMPATH\Database\BaseBuilder.php(1649): CodeIgniter\Database\BaseConnection->query('SELECT *
FROM `script_settings`', [], false)
 5 SYSTEMPATH\Model.php(286): CodeIgniter\Database\BaseBuilder->get()
 6 SYSTEMPATH\BaseModel.php(675): CodeIgniter\Model->doFindAll(0, 0)
 7 APPPATH\Models\ScriptSettingModel.php(70): CodeIgniter\BaseModel->findAll()
 8 APPPATH\Controllers\Admin\ScriptSettingsController.php(20): App\Models\ScriptSettingModel->getAllSettings()
 9 SYSTEMPATH\CodeIgniter.php(933): App\Controllers\Admin\ScriptSettingsController->index()
10 SYSTEMPATH\CodeIgniter.php(507): CodeIgniter\CodeIgniter->runController(Object(App\Controllers\Admin\ScriptSettingsController))
11 SYSTEMPATH\CodeIgniter.php(354): CodeIgniter\CodeIgniter->handleRequest(null, Object(Config\Cache), false)
12 SYSTEMPATH\Boot.php(334): CodeIgniter\CodeIgniter->run()
13 SYSTEMPATH\Boot.php(67): CodeIgniter\Boot::runCodeIgniter(Object(CodeIgniter\CodeIgniter))
14 FCPATH\index.php(56): CodeIgniter\Boot::bootWeb(Object(Config\Paths))
WARNING - 2026-07-19 08:51:59 --> [DEPRECATED] Passing lowercase HTTP method "get" is deprecated. Use uppercase HTTP method like "GET". in SYSTEMPATH\Test\FeatureTestTrait.php on line 168.
 1 SYSTEMPATH\Test\FeatureTestTrait.php(168): trigger_error('Passing lowercase HTTP method "get" is deprecated. Use uppercase HTTP method like "GET".', 16384)
 2 ROOTPATH\tests\unit\ScriptSettingsTest.php(95): ScriptSettingsTest->call('get', 'admin/script-settings')
 3 VENDORPATH\phpunit\phpunit\src\Framework\TestCase.php(1188): ScriptSettingsTest->testScriptSettingsRoutesRegistered()
 4 VENDORPATH\phpunit\phpunit\src\Framework\TestCase.php(686): PHPUnit\Framework\TestCase->runTest()
 5 VENDORPATH\phpunit\phpunit\src\Framework\TestRunner.php(105): PHPUnit\Framework\TestCase->runBare()
 6 VENDORPATH\phpunit\phpunit\src\Framework\TestCase.php(516): PHPUnit\Framework\TestRunner->run(Object(ScriptSettingsTest))
 7 VENDORPATH\phpunit\phpunit\src\Framework\TestSuite.php(374): PHPUnit\Framework\TestCase->run()
 8 VENDORPATH\phpunit\phpunit\src\Framework\TestSuite.php(374): PHPUnit\Framework\TestSuite->run()
 9 VENDORPATH\phpunit\phpunit\src\Framework\TestSuite.php(374): PHPUnit\Framework\TestSuite->run()
10 VENDORPATH\phpunit\phpunit\src\TextUI\TestRunner.php(64): PHPUnit\Framework\TestSuite->run()
11 VENDORPATH\phpunit\phpunit\src\TextUI\Application.php(203): PHPUnit\TextUI\TestRunner->run(Object(PHPUnit\TextUI\Configuration\Configuration), Object(PHPUnit\Runner\ResultCache\DefaultResultCache), Object(PHPUnit\Framework\TestSuite))
12 VENDORPATH\phpunit\phpunit\phpunit(104): PHPUnit\TextUI\Application->run([...])
13 VENDORPATH\bin\phpunit(122): include('C:\\xampp\\htdocs\\quizTv\\vendor\\phpunit\\phpunit\\phpunit')
WARNING - 2026-07-19 08:51:59 --> [DEPRECATED] Passing lowercase HTTP method "post" is deprecated. Use uppercase HTTP method like "POST". in SYSTEMPATH\Test\FeatureTestTrait.php on line 168.
 1 SYSTEMPATH\Test\FeatureTestTrait.php(168): trigger_error('Passing lowercase HTTP method "post" is deprecated. Use uppercase HTTP method like "POST".', 16384)
 2 ROOTPATH\tests\unit\ScriptSettingsTest.php(98): ScriptSettingsTest->call('post', 'admin/script-settings/update')
 3 VENDORPATH\phpunit\phpunit\src\Framework\TestCase.php(1188): ScriptSettingsTest->testScriptSettingsRoutesRegistered()
 4 VENDORPATH\phpunit\phpunit\src\Framework\TestCase.php(686): PHPUnit\Framework\TestCase->runTest()
 5 VENDORPATH\phpunit\phpunit\src\Framework\TestRunner.php(105): PHPUnit\Framework\TestCase->runBare()
 6 VENDORPATH\phpunit\phpunit\src\Framework\TestCase.php(516): PHPUnit\Framework\TestRunner->run(Object(ScriptSettingsTest))
 7 VENDORPATH\phpunit\phpunit\src\Framework\TestSuite.php(374): PHPUnit\Framework\TestCase->run()
 8 VENDORPATH\phpunit\phpunit\src\Framework\TestSuite.php(374): PHPUnit\Framework\TestSuite->run()
 9 VENDORPATH\phpunit\phpunit\src\Framework\TestSuite.php(374): PHPUnit\Framework\TestSuite->run()
10 VENDORPATH\phpunit\phpunit\src\TextUI\TestRunner.php(64): PHPUnit\Framework\TestSuite->run()
11 VENDORPATH\phpunit\phpunit\src\TextUI\Application.php(203): PHPUnit\TextUI\TestRunner->run(Object(PHPUnit\TextUI\Configuration\Configuration), Object(PHPUnit\Runner\ResultCache\DefaultResultCache), Object(PHPUnit\Framework\TestSuite))
12 VENDORPATH\phpunit\phpunit\phpunit(104): PHPUnit\TextUI\Application->run([...])
13 VENDORPATH\bin\phpunit(122): include('C:\\xampp\\htdocs\\quizTv\\vendor\\phpunit\\phpunit\\phpunit')
WARNING - 2026-07-19 08:52:04 --> [DEPRECATED] Passing lowercase HTTP method "get" is deprecated. Use uppercase HTTP method like "GET". in SYSTEMPATH\Test\FeatureTestTrait.php on line 168.
 1 SYSTEMPATH\Test\FeatureTestTrait.php(168): trigger_error('Passing lowercase HTTP method "get" is deprecated. Use uppercase HTTP method like "GET".', 16384)
 2 ROOTPATH\tests\unit\SecurityAndDatabaseTest.php(57): SecurityAndDatabaseTest->call('get', 'user/dashboard')
 3 VENDORPATH\phpunit\phpunit\src\Framework\TestCase.php(1188): SecurityAndDatabaseTest->testAuthFiltersRedirect()
 4 VENDORPATH\phpunit\phpunit\src\Framework\TestCase.php(686): PHPUnit\Framework\TestCase->runTest()
 5 VENDORPATH\phpunit\phpunit\src\Framework\TestRunner.php(105): PHPUnit\Framework\TestCase->runBare()
 6 VENDORPATH\phpunit\phpunit\src\Framework\TestCase.php(516): PHPUnit\Framework\TestRunner->run(Object(SecurityAndDatabaseTest))
 7 VENDORPATH\phpunit\phpunit\src\Framework\TestSuite.php(374): PHPUnit\Framework\TestCase->run()
 8 VENDORPATH\phpunit\phpunit\src\Framework\TestSuite.php(374): PHPUnit\Framework\TestSuite->run()
 9 VENDORPATH\phpunit\phpunit\src\Framework\TestSuite.php(374): PHPUnit\Framework\TestSuite->run()
10 VENDORPATH\phpunit\phpunit\src\TextUI\TestRunner.php(64): PHPUnit\Framework\TestSuite->run()
11 VENDORPATH\phpunit\phpunit\src\TextUI\Application.php(203): PHPUnit\TextUI\TestRunner->run(Object(PHPUnit\TextUI\Configuration\Configuration), Object(PHPUnit\Runner\ResultCache\DefaultResultCache), Object(PHPUnit\Framework\TestSuite))
12 VENDORPATH\phpunit\phpunit\phpunit(104): PHPUnit\TextUI\Application->run([...])
13 VENDORPATH\bin\phpunit(122): include('C:\\xampp\\htdocs\\quizTv\\vendor\\phpunit\\phpunit\\phpunit')
WARNING - 2026-07-19 08:52:04 --> [DEPRECATED] Passing lowercase HTTP method "get" is deprecated. Use uppercase HTTP method like "GET". in SYSTEMPATH\Test\FeatureTestTrait.php on line 168.
 1 SYSTEMPATH\Test\FeatureTestTrait.php(168): trigger_error('Passing lowercase HTTP method "get" is deprecated. Use uppercase HTTP method like "GET".', 16384)
 2 ROOTPATH\tests\unit\SecurityAndDatabaseTest.php(61): SecurityAndDatabaseTest->call('get', 'admin')
 3 VENDORPATH\phpunit\phpunit\src\Framework\TestCase.php(1188): SecurityAndDatabaseTest->testAuthFiltersRedirect()
 4 VENDORPATH\phpunit\phpunit\src\Framework\TestCase.php(686): PHPUnit\Framework\TestCase->runTest()
 5 VENDORPATH\phpunit\phpunit\src\Framework\TestRunner.php(105): PHPUnit\Framework\TestCase->runBare()
 6 VENDORPATH\phpunit\phpunit\src\Framework\TestCase.php(516): PHPUnit\Framework\TestRunner->run(Object(SecurityAndDatabaseTest))
 7 VENDORPATH\phpunit\phpunit\src\Framework\TestSuite.php(374): PHPUnit\Framework\TestCase->run()
 8 VENDORPATH\phpunit\phpunit\src\Framework\TestSuite.php(374): PHPUnit\Framework\TestSuite->run()
 9 VENDORPATH\phpunit\phpunit\src\Framework\TestSuite.php(374): PHPUnit\Framework\TestSuite->run()
10 VENDORPATH\phpunit\phpunit\src\TextUI\TestRunner.php(64): PHPUnit\Framework\TestSuite->run()
11 VENDORPATH\phpunit\phpunit\src\TextUI\Application.php(203): PHPUnit\TextUI\TestRunner->run(Object(PHPUnit\TextUI\Configuration\Configuration), Object(PHPUnit\Runner\ResultCache\DefaultResultCache), Object(PHPUnit\Framework\TestSuite))
12 VENDORPATH\phpunit\phpunit\phpunit(104): PHPUnit\TextUI\Application->run([...])
13 VENDORPATH\bin\phpunit(122): include('C:\\xampp\\htdocs\\quizTv\\vendor\\phpunit\\phpunit\\phpunit')
ERROR - 2026-07-19 08:52:08 --> mysqli_sql_exception: Table 'quiztv.script_settings' doesn't exist in C:\xampp\htdocs\quizTv\vendor\codeigniter4\framework\system\Database\MySQLi\Connection.php:327
Stack trace:
#0 C:\xampp\htdocs\quizTv\vendor\codeigniter4\framework\system\Database\MySQLi\Connection.php(327): mysqli->query('SELECT *\nFROM `...', 0)
#1 C:\xampp\htdocs\quizTv\vendor\codeigniter4\framework\system\Database\BaseConnection.php(738): CodeIgniter\Database\MySQLi\Connection->execute('SELECT *\nFROM `...')
#2 C:\xampp\htdocs\quizTv\vendor\codeigniter4\framework\system\Database\BaseConnection.php(652): CodeIgniter\Database\BaseConnection->simpleQuery('SELECT *\nFROM `...')
#3 C:\xampp\htdocs\quizTv\vendor\codeigniter4\framework\system\Database\BaseBuilder.php(1649): CodeIgniter\Database\BaseConnection->query('SELECT *\nFROM `...', Array, false)
#4 C:\xampp\htdocs\quizTv\vendor\codeigniter4\framework\system\Model.php(286): CodeIgniter\Database\BaseBuilder->get()
#5 C:\xampp\htdocs\quizTv\vendor\codeigniter4\framework\system\BaseModel.php(675): CodeIgniter\Model->doFindAll(0, 0)
#6 C:\xampp\htdocs\quizTv\app\Models\ScriptSettingModel.php(70): CodeIgniter\BaseModel->findAll()
#7 C:\xampp\htdocs\quizTv\app\Controllers\Admin\ScriptSettingsController.php(20): App\Models\ScriptSettingModel->getAllSettings()
#8 C:\xampp\htdocs\quizTv\vendor\codeigniter4\framework\system\CodeIgniter.php(933): App\Controllers\Admin\ScriptSettingsController->index()
#9 C:\xampp\htdocs\quizTv\vendor\codeigniter4\framework\system\CodeIgniter.php(507): CodeIgniter\CodeIgniter->runController(Object(App\Controllers\Admin\ScriptSettingsController))
#10 C:\xampp\htdocs\quizTv\vendor\codeigniter4\framework\system\CodeIgniter.php(354): CodeIgniter\CodeIgniter->handleRequest(NULL, Object(Config\Cache), false)
#11 C:\xampp\htdocs\quizTv\vendor\codeigniter4\framework\system\Boot.php(334): CodeIgniter\CodeIgniter->run()
#12 C:\xampp\htdocs\quizTv\vendor\codeigniter4\framework\system\Boot.php(67): CodeIgniter\Boot::runCodeIgniter(Object(CodeIgniter\CodeIgniter))
#13 C:\xampp\htdocs\quizTv\index.php(56): CodeIgniter\Boot::bootWeb(Object(Config\Paths))
#14 {main}
CRITICAL - 2026-07-19 08:52:08 --> CodeIgniter\Database\Exceptions\DatabaseException: Table 'quiztv.script_settings' doesn't exist
[Method: GET, Route: admin/script-settings]
in SYSTEMPATH\Database\BaseConnection.php on line 692.
 1 SYSTEMPATH\Database\BaseBuilder.php(1649): CodeIgniter\Database\BaseConnection->query('SELECT *
FROM `script_settings`', [], false)
 2 SYSTEMPATH\Model.php(286): CodeIgniter\Database\BaseBuilder->get()
 3 SYSTEMPATH\BaseModel.php(675): CodeIgniter\Model->doFindAll(0, 0)
 4 APPPATH\Models\ScriptSettingModel.php(70): CodeIgniter\BaseModel->findAll()
 5 APPPATH\Controllers\Admin\ScriptSettingsController.php(20): App\Models\ScriptSettingModel->getAllSettings()
 6 SYSTEMPATH\CodeIgniter.php(933): App\Controllers\Admin\ScriptSettingsController->index()
 7 SYSTEMPATH\CodeIgniter.php(507): CodeIgniter\CodeIgniter->runController(Object(App\Controllers\Admin\ScriptSettingsController))
 8 SYSTEMPATH\CodeIgniter.php(354): CodeIgniter\CodeIgniter->handleRequest(null, Object(Config\Cache), false)
 9 SYSTEMPATH\Boot.php(334): CodeIgniter\CodeIgniter->run()
10 SYSTEMPATH\Boot.php(67): CodeIgniter\Boot::runCodeIgniter(Object(CodeIgniter\CodeIgniter))
11 FCPATH\index.php(56): CodeIgniter\Boot::bootWeb(Object(Config\Paths))
CRITICAL - 2026-07-19 08:52:08 --> [Caused by] CodeIgniter\Database\Exceptions\DatabaseException: Table 'quiztv.script_settings' doesn't exist
in SYSTEMPATH\Database\MySQLi\Connection.php on line 332.
 1 SYSTEMPATH\Database\BaseConnection.php(738): CodeIgniter\Database\MySQLi\Connection->execute('SELECT *
FROM `script_settings`')
 2 SYSTEMPATH\Database\BaseConnection.php(652): CodeIgniter\Database\BaseConnection->simpleQuery('SELECT *
FROM `script_settings`')
 3 SYSTEMPATH\Database\BaseBuilder.php(1649): CodeIgniter\Database\BaseConnection->query('SELECT *
FROM `script_settings`', [], false)
 4 SYSTEMPATH\Model.php(286): CodeIgniter\Database\BaseBuilder->get()
 5 SYSTEMPATH\BaseModel.php(675): CodeIgniter\Model->doFindAll(0, 0)
 6 APPPATH\Models\ScriptSettingModel.php(70): CodeIgniter\BaseModel->findAll()
 7 APPPATH\Controllers\Admin\ScriptSettingsController.php(20): App\Models\ScriptSettingModel->getAllSettings()
 8 SYSTEMPATH\CodeIgniter.php(933): App\Controllers\Admin\ScriptSettingsController->index()
 9 SYSTEMPATH\CodeIgniter.php(507): CodeIgniter\CodeIgniter->runController(Object(App\Controllers\Admin\ScriptSettingsController))
10 SYSTEMPATH\CodeIgniter.php(354): CodeIgniter\CodeIgniter->handleRequest(null, Object(Config\Cache), false)
11 SYSTEMPATH\Boot.php(334): CodeIgniter\CodeIgniter->run()
12 SYSTEMPATH\Boot.php(67): CodeIgniter\Boot::runCodeIgniter(Object(CodeIgniter\CodeIgniter))
13 FCPATH\index.php(56): CodeIgniter\Boot::bootWeb(Object(Config\Paths))
CRITICAL - 2026-07-19 08:52:08 --> [Caused by] mysqli_sql_exception: Table 'quiztv.script_settings' doesn't exist
in SYSTEMPATH\Database\MySQLi\Connection.php on line 327.
 1 SYSTEMPATH\Database\MySQLi\Connection.php(327): mysqli->query('SELECT *
FROM `script_settings`', 0)
 2 SYSTEMPATH\Database\BaseConnection.php(738): CodeIgniter\Database\MySQLi\Connection->execute('SELECT *
FROM `script_settings`')
 3 SYSTEMPATH\Database\BaseConnection.php(652): CodeIgniter\Database\BaseConnection->simpleQuery('SELECT *
FROM `script_settings`')
 4 SYSTEMPATH\Database\BaseBuilder.php(1649): CodeIgniter\Database\BaseConnection->query('SELECT *
FROM `script_settings`', [], false)
 5 SYSTEMPATH\Model.php(286): CodeIgniter\Database\BaseBuilder->get()
 6 SYSTEMPATH\BaseModel.php(675): CodeIgniter\Model->doFindAll(0, 0)
 7 APPPATH\Models\ScriptSettingModel.php(70): CodeIgniter\BaseModel->findAll()
 8 APPPATH\Controllers\Admin\ScriptSettingsController.php(20): App\Models\ScriptSettingModel->getAllSettings()
 9 SYSTEMPATH\CodeIgniter.php(933): App\Controllers\Admin\ScriptSettingsController->index()
10 SYSTEMPATH\CodeIgniter.php(507): CodeIgniter\CodeIgniter->runController(Object(App\Controllers\Admin\ScriptSettingsController))
11 SYSTEMPATH\CodeIgniter.php(354): CodeIgniter\CodeIgniter->handleRequest(null, Object(Config\Cache), false)
12 SYSTEMPATH\Boot.php(334): CodeIgniter\CodeIgniter->run()
13 SYSTEMPATH\Boot.php(67): CodeIgniter\Boot::runCodeIgniter(Object(CodeIgniter\CodeIgniter))
14 FCPATH\index.php(56): CodeIgniter\Boot::bootWeb(Object(Config\Paths))
ERROR - 2026-07-19 09:03:25 --> mysqli_sql_exception: Table 'quiztv.script_settings' doesn't exist in C:\xampp\htdocs\quizTv\vendor\codeigniter4\framework\system\Database\MySQLi\Connection.php:327
Stack trace:
#0 C:\xampp\htdocs\quizTv\vendor\codeigniter4\framework\system\Database\MySQLi\Connection.php(327): mysqli->query('SELECT *\nFROM `...', 0)
#1 C:\xampp\htdocs\quizTv\vendor\codeigniter4\framework\system\Database\BaseConnection.php(738): CodeIgniter\Database\MySQLi\Connection->execute('SELECT *\nFROM `...')
#2 C:\xampp\htdocs\quizTv\vendor\codeigniter4\framework\system\Database\BaseConnection.php(652): CodeIgniter\Database\BaseConnection->simpleQuery('SELECT *\nFROM `...')
#3 C:\xampp\htdocs\quizTv\vendor\codeigniter4\framework\system\Database\BaseBuilder.php(1649): CodeIgniter\Database\BaseConnection->query('SELECT *\nFROM `...', Array, false)
#4 C:\xampp\htdocs\quizTv\vendor\codeigniter4\framework\system\Model.php(330): CodeIgniter\Database\BaseBuilder->get()
#5 C:\xampp\htdocs\quizTv\vendor\codeigniter4\framework\system\BaseModel.php(713): CodeIgniter\Model->doFirst()
#6 C:\xampp\htdocs\quizTv\app\Models\ScriptSettingModel.php(53): CodeIgniter\BaseModel->first()
#7 C:\xampp\htdocs\quizTv\tests\unit\ScriptSettingsTest.php(35): App\Models\ScriptSettingModel->setSetting('header_scripts', '<script>console...')
#8 C:\xampp\htdocs\quizTv\vendor\phpunit\phpunit\src\Framework\TestCase.php(1188): ScriptSettingsTest->testScriptSettingsDatabaseModel()
#9 C:\xampp\htdocs\quizTv\vendor\phpunit\phpunit\src\Framework\TestCase.php(686): PHPUnit\Framework\TestCase->runTest()
#10 C:\xampp\htdocs\quizTv\vendor\phpunit\phpunit\src\Framework\TestRunner.php(105): PHPUnit\Framework\TestCase->runBare()
#11 C:\xampp\htdocs\quizTv\vendor\phpunit\phpunit\src\Framework\TestCase.php(516): PHPUnit\Framework\TestRunner->run(Object(ScriptSettingsTest))
#12 C:\xampp\htdocs\quizTv\vendor\phpunit\phpunit\src\Framework\TestSuite.php(374): PHPUnit\Framework\TestCase->run()
#13 C:\xampp\htdocs\quizTv\vendor\phpunit\phpunit\src\Framework\TestSuite.php(374): PHPUnit\Framework\TestSuite->run()
#14 C:\xampp\htdocs\quizTv\vendor\phpunit\phpunit\src\Framework\TestSuite.php(374): PHPUnit\Framework\TestSuite->run()
#15 C:\xampp\htdocs\quizTv\vendor\phpunit\phpunit\src\TextUI\TestRunner.php(64): PHPUnit\Framework\TestSuite->run()
#16 C:\xampp\htdocs\quizTv\vendor\phpunit\phpunit\src\TextUI\Application.php(203): PHPUnit\TextUI\TestRunner->run(Object(PHPUnit\TextUI\Configuration\Configuration), Object(PHPUnit\Runner\ResultCache\DefaultResultCache), Object(PHPUnit\Framework\TestSuite))
#17 C:\xampp\htdocs\quizTv\vendor\phpunit\phpunit\phpunit(104): PHPUnit\TextUI\Application->run(Array)
#18 C:\xampp\htdocs\quizTv\vendor\bin\phpunit(122): include('C:\\xampp\\htdocs...')
#19 {main}
ERROR - 2026-07-19 09:03:25 --> mysqli_sql_exception: Table 'quiztv.script_settings' doesn't exist in C:\xampp\htdocs\quizTv\vendor\codeigniter4\framework\system\Database\MySQLi\Connection.php:327
Stack trace:
#0 C:\xampp\htdocs\quizTv\vendor\codeigniter4\framework\system\Database\MySQLi\Connection.php(327): mysqli->query('SELECT *\nFROM `...', 0)
#1 C:\xampp\htdocs\quizTv\vendor\codeigniter4\framework\system\Database\BaseConnection.php(738): CodeIgniter\Database\MySQLi\Connection->execute('SELECT *\nFROM `...')
#2 C:\xampp\htdocs\quizTv\vendor\codeigniter4\framework\system\Database\BaseConnection.php(652): CodeIgniter\Database\BaseConnection->simpleQuery('SELECT *\nFROM `...')
#3 C:\xampp\htdocs\quizTv\vendor\codeigniter4\framework\system\Database\BaseBuilder.php(1649): CodeIgniter\Database\BaseConnection->query('SELECT *\nFROM `...', Array, false)
#4 C:\xampp\htdocs\quizTv\vendor\codeigniter4\framework\system\Model.php(330): CodeIgniter\Database\BaseBuilder->get()
#5 C:\xampp\htdocs\quizTv\vendor\codeigniter4\framework\system\BaseModel.php(713): CodeIgniter\Model->doFirst()
#6 C:\xampp\htdocs\quizTv\app\Models\ScriptSettingModel.php(53): CodeIgniter\BaseModel->first()
#7 C:\xampp\htdocs\quizTv\tests\unit\ScriptSettingsTest.php(63): App\Models\ScriptSettingModel->setSetting('header_scripts', '<meta name="ant...')
#8 C:\xampp\htdocs\quizTv\vendor\phpunit\phpunit\src\Framework\TestCase.php(1188): ScriptSettingsTest->testScriptSettingsHelper()
#9 C:\xampp\htdocs\quizTv\vendor\phpunit\phpunit\src\Framework\TestCase.php(686): PHPUnit\Framework\TestCase->runTest()
#10 C:\xampp\htdocs\quizTv\vendor\phpunit\phpunit\src\Framework\TestRunner.php(105): PHPUnit\Framework\TestCase->runBare()
#11 C:\xampp\htdocs\quizTv\vendor\phpunit\phpunit\src\Framework\TestCase.php(516): PHPUnit\Framework\TestRunner->run(Object(ScriptSettingsTest))
#12 C:\xampp\htdocs\quizTv\vendor\phpunit\phpunit\src\Framework\TestSuite.php(374): PHPUnit\Framework\TestCase->run()
#13 C:\xampp\htdocs\quizTv\vendor\phpunit\phpunit\src\Framework\TestSuite.php(374): PHPUnit\Framework\TestSuite->run()
#14 C:\xampp\htdocs\quizTv\vendor\phpunit\phpunit\src\Framework\TestSuite.php(374): PHPUnit\Framework\TestSuite->run()
#15 C:\xampp\htdocs\quizTv\vendor\phpunit\phpunit\src\TextUI\TestRunner.php(64): PHPUnit\Framework\TestSuite->run()
#16 C:\xampp\htdocs\quizTv\vendor\phpunit\phpunit\src\TextUI\Application.php(203): PHPUnit\TextUI\TestRunner->run(Object(PHPUnit\TextUI\Configuration\Configuration), Object(PHPUnit\Runner\ResultCache\DefaultResultCache), Object(PHPUnit\Framework\TestSuite))
#17 C:\xampp\htdocs\quizTv\vendor\phpunit\phpunit\phpunit(104): PHPUnit\TextUI\Application->run(Array)
#18 C:\xampp\htdocs\quizTv\vendor\bin\phpunit(122): include('C:\\xampp\\htdocs...')
#19 {main}
WARNING - 2026-07-19 09:03:25 --> [DEPRECATED] Passing lowercase HTTP method "get" is deprecated. Use uppercase HTTP method like "GET". in SYSTEMPATH\Test\FeatureTestTrait.php on line 168.
 1 SYSTEMPATH\Test\FeatureTestTrait.php(168): trigger_error('Passing lowercase HTTP method "get" is deprecated. Use uppercase HTTP method like "GET".', 16384)
 2 ROOTPATH\tests\unit\ScriptSettingsTest.php(81): ScriptSettingsTest->call('get', 'admin/script-settings')
 3 VENDORPATH\phpunit\phpunit\src\Framework\TestCase.php(1188): ScriptSettingsTest->testScriptSettingsRoutesRegistered()
 4 VENDORPATH\phpunit\phpunit\src\Framework\TestCase.php(686): PHPUnit\Framework\TestCase->runTest()
 5 VENDORPATH\phpunit\phpunit\src\Framework\TestRunner.php(105): PHPUnit\Framework\TestCase->runBare()
 6 VENDORPATH\phpunit\phpunit\src\Framework\TestCase.php(516): PHPUnit\Framework\TestRunner->run(Object(ScriptSettingsTest))
 7 VENDORPATH\phpunit\phpunit\src\Framework\TestSuite.php(374): PHPUnit\Framework\TestCase->run()
 8 VENDORPATH\phpunit\phpunit\src\Framework\TestSuite.php(374): PHPUnit\Framework\TestSuite->run()
 9 VENDORPATH\phpunit\phpunit\src\Framework\TestSuite.php(374): PHPUnit\Framework\TestSuite->run()
10 VENDORPATH\phpunit\phpunit\src\TextUI\TestRunner.php(64): PHPUnit\Framework\TestSuite->run()
11 VENDORPATH\phpunit\phpunit\src\TextUI\Application.php(203): PHPUnit\TextUI\TestRunner->run(Object(PHPUnit\TextUI\Configuration\Configuration), Object(PHPUnit\Runner\ResultCache\DefaultResultCache), Object(PHPUnit\Framework\TestSuite))
12 VENDORPATH\phpunit\phpunit\phpunit(104): PHPUnit\TextUI\Application->run([...])
13 VENDORPATH\bin\phpunit(122): include('C:\\xampp\\htdocs\\quizTv\\vendor\\phpunit\\phpunit\\phpunit')
WARNING - 2026-07-19 09:03:25 --> [DEPRECATED] Passing lowercase HTTP method "post" is deprecated. Use uppercase HTTP method like "POST". in SYSTEMPATH\Test\FeatureTestTrait.php on line 168.
 1 SYSTEMPATH\Test\FeatureTestTrait.php(168): trigger_error('Passing lowercase HTTP method "post" is deprecated. Use uppercase HTTP method like "POST".', 16384)
 2 ROOTPATH\tests\unit\ScriptSettingsTest.php(84): ScriptSettingsTest->call('post', 'admin/script-settings/update')
 3 VENDORPATH\phpunit\phpunit\src\Framework\TestCase.php(1188): ScriptSettingsTest->testScriptSettingsRoutesRegistered()
 4 VENDORPATH\phpunit\phpunit\src\Framework\TestCase.php(686): PHPUnit\Framework\TestCase->runTest()
 5 VENDORPATH\phpunit\phpunit\src\Framework\TestRunner.php(105): PHPUnit\Framework\TestCase->runBare()
 6 VENDORPATH\phpunit\phpunit\src\Framework\TestCase.php(516): PHPUnit\Framework\TestRunner->run(Object(ScriptSettingsTest))
 7 VENDORPATH\phpunit\phpunit\src\Framework\TestSuite.php(374): PHPUnit\Framework\TestCase->run()
 8 VENDORPATH\phpunit\phpunit\src\Framework\TestSuite.php(374): PHPUnit\Framework\TestSuite->run()
 9 VENDORPATH\phpunit\phpunit\src\Framework\TestSuite.php(374): PHPUnit\Framework\TestSuite->run()
10 VENDORPATH\phpunit\phpunit\src\TextUI\TestRunner.php(64): PHPUnit\Framework\TestSuite->run()
11 VENDORPATH\phpunit\phpunit\src\TextUI\Application.php(203): PHPUnit\TextUI\TestRunner->run(Object(PHPUnit\TextUI\Configuration\Configuration), Object(PHPUnit\Runner\ResultCache\DefaultResultCache), Object(PHPUnit\Framework\TestSuite))
12 VENDORPATH\phpunit\phpunit\phpunit(104): PHPUnit\TextUI\Application->run([...])
13 VENDORPATH\bin\phpunit(122): include('C:\\xampp\\htdocs\\quizTv\\vendor\\phpunit\\phpunit\\phpunit')
WARNING - 2026-07-19 09:03:25 --> [DEPRECATED] Passing lowercase HTTP method "get" is deprecated. Use uppercase HTTP method like "GET". in SYSTEMPATH\Test\FeatureTestTrait.php on line 168.
 1 SYSTEMPATH\Test\FeatureTestTrait.php(168): trigger_error('Passing lowercase HTTP method "get" is deprecated. Use uppercase HTTP method like "GET".', 16384)
 2 ROOTPATH\tests\unit\SecurityAndDatabaseTest.php(53): SecurityAndDatabaseTest->call('get', 'user/dashboard')
 3 VENDORPATH\phpunit\phpunit\src\Framework\TestCase.php(1188): SecurityAndDatabaseTest->testAuthFiltersRedirect()
 4 VENDORPATH\phpunit\phpunit\src\Framework\TestCase.php(686): PHPUnit\Framework\TestCase->runTest()
 5 VENDORPATH\phpunit\phpunit\src\Framework\TestRunner.php(105): PHPUnit\Framework\TestCase->runBare()
 6 VENDORPATH\phpunit\phpunit\src\Framework\TestCase.php(516): PHPUnit\Framework\TestRunner->run(Object(SecurityAndDatabaseTest))
 7 VENDORPATH\phpunit\phpunit\src\Framework\TestSuite.php(374): PHPUnit\Framework\TestCase->run()
 8 VENDORPATH\phpunit\phpunit\src\Framework\TestSuite.php(374): PHPUnit\Framework\TestSuite->run()
 9 VENDORPATH\phpunit\phpunit\src\Framework\TestSuite.php(374): PHPUnit\Framework\TestSuite->run()
10 VENDORPATH\phpunit\phpunit\src\TextUI\TestRunner.php(64): PHPUnit\Framework\TestSuite->run()
11 VENDORPATH\phpunit\phpunit\src\TextUI\Application.php(203): PHPUnit\TextUI\TestRunner->run(Object(PHPUnit\TextUI\Configuration\Configuration), Object(PHPUnit\Runner\ResultCache\DefaultResultCache), Object(PHPUnit\Framework\TestSuite))
12 VENDORPATH\phpunit\phpunit\phpunit(104): PHPUnit\TextUI\Application->run([...])
13 VENDORPATH\bin\phpunit(122): include('C:\\xampp\\htdocs\\quizTv\\vendor\\phpunit\\phpunit\\phpunit')
ERROR - 2026-07-19 09:03:25 --> mysqli_sql_exception: Table 'quiztv.ad_settings' doesn't exist in C:\xampp\htdocs\quizTv\vendor\codeigniter4\framework\system\Database\MySQLi\Connection.php:327
Stack trace:
#0 C:\xampp\htdocs\quizTv\vendor\codeigniter4\framework\system\Database\MySQLi\Connection.php(327): mysqli->query('SELECT *\nFROM `...', 0)
#1 C:\xampp\htdocs\quizTv\vendor\codeigniter4\framework\system\Database\BaseConnection.php(738): CodeIgniter\Database\MySQLi\Connection->execute('SELECT *\nFROM `...')
#2 C:\xampp\htdocs\quizTv\vendor\codeigniter4\framework\system\Database\BaseConnection.php(652): CodeIgniter\Database\BaseConnection->simpleQuery('SELECT *\nFROM `...')
#3 C:\xampp\htdocs\quizTv\vendor\codeigniter4\framework\system\Database\BaseBuilder.php(1649): CodeIgniter\Database\BaseConnection->query('SELECT *\nFROM `...', Array, false)
#4 C:\xampp\htdocs\quizTv\vendor\codeigniter4\framework\system\Model.php(286): CodeIgniter\Database\BaseBuilder->get()
#5 C:\xampp\htdocs\quizTv\vendor\codeigniter4\framework\system\BaseModel.php(675): CodeIgniter\Model->doFindAll(0, 0)
#6 C:\xampp\htdocs\quizTv\app\Models\AdSettingModel.php(71): CodeIgniter\BaseModel->findAll()
#7 C:\xampp\htdocs\quizTv\app\Models\AdSettingModel.php(87): App\Models\AdSettingModel->getAllSettings()
#8 C:\xampp\htdocs\quizTv\tests\unit\SecurityAndDatabaseTest.php(88): App\Models\AdSettingModel->getAdConfig()
#9 C:\xampp\htdocs\quizTv\vendor\phpunit\phpunit\src\Framework\TestCase.php(1188): SecurityAndDatabaseTest->testAdSettingsStructure()
#10 C:\xampp\htdocs\quizTv\vendor\phpunit\phpunit\src\Framework\TestCase.php(686): PHPUnit\Framework\TestCase->runTest()
#11 C:\xampp\htdocs\quizTv\vendor\phpunit\phpunit\src\Framework\TestRunner.php(105): PHPUnit\Framework\TestCase->runBare()
#12 C:\xampp\htdocs\quizTv\vendor\phpunit\phpunit\src\Framework\TestCase.php(516): PHPUnit\Framework\TestRunner->run(Object(SecurityAndDatabaseTest))
#13 C:\xampp\htdocs\quizTv\vendor\phpunit\phpunit\src\Framework\TestSuite.php(374): PHPUnit\Framework\TestCase->run()
#14 C:\xampp\htdocs\quizTv\vendor\phpunit\phpunit\src\Framework\TestSuite.php(374): PHPUnit\Framework\TestSuite->run()
#15 C:\xampp\htdocs\quizTv\vendor\phpunit\phpunit\src\Framework\TestSuite.php(374): PHPUnit\Framework\TestSuite->run()
#16 C:\xampp\htdocs\quizTv\vendor\phpunit\phpunit\src\TextUI\TestRunner.php(64): PHPUnit\Framework\TestSuite->run()
#17 C:\xampp\htdocs\quizTv\vendor\phpunit\phpunit\src\TextUI\Application.php(203): PHPUnit\TextUI\TestRunner->run(Object(PHPUnit\TextUI\Configuration\Configuration), Object(PHPUnit\Runner\ResultCache\DefaultResultCache), Object(PHPUnit\Framework\TestSuite))
#18 C:\xampp\htdocs\quizTv\vendor\phpunit\phpunit\phpunit(104): PHPUnit\TextUI\Application->run(Array)
#19 C:\xampp\htdocs\quizTv\vendor\bin\phpunit(122): include('C:\\xampp\\htdocs...')
#20 {main}
ERROR - 2026-07-19 18:22:28 --> mysqli_sql_exception: Table 'quiztv.script_settings' doesn't exist in C:\xampp\htdocs\quizTv\vendor\codeigniter4\framework\system\Database\MySQLi\Connection.php:327
Stack trace:
#0 C:\xampp\htdocs\quizTv\vendor\codeigniter4\framework\system\Database\MySQLi\Connection.php(327): mysqli->query('SELECT *\nFROM `...', 0)
#1 C:\xampp\htdocs\quizTv\vendor\codeigniter4\framework\system\Database\BaseConnection.php(738): CodeIgniter\Database\MySQLi\Connection->execute('SELECT *\nFROM `...')
#2 C:\xampp\htdocs\quizTv\vendor\codeigniter4\framework\system\Database\BaseConnection.php(652): CodeIgniter\Database\BaseConnection->simpleQuery('SELECT *\nFROM `...')
#3 C:\xampp\htdocs\quizTv\vendor\codeigniter4\framework\system\Database\BaseBuilder.php(1649): CodeIgniter\Database\BaseConnection->query('SELECT *\nFROM `...', Array, false)
#4 C:\xampp\htdocs\quizTv\vendor\codeigniter4\framework\system\Model.php(330): CodeIgniter\Database\BaseBuilder->get()
#5 C:\xampp\htdocs\quizTv\vendor\codeigniter4\framework\system\BaseModel.php(713): CodeIgniter\Model->doFirst()
#6 C:\xampp\htdocs\quizTv\app\Models\ScriptSettingModel.php(53): CodeIgniter\BaseModel->first()
#7 C:\xampp\htdocs\quizTv\tests\unit\ScriptSettingsTest.php(35): App\Models\ScriptSettingModel->setSetting('header_scripts', '<script>console...')
#8 C:\xampp\htdocs\quizTv\vendor\phpunit\phpunit\src\Framework\TestCase.php(1188): ScriptSettingsTest->testScriptSettingsDatabaseModel()
#9 C:\xampp\htdocs\quizTv\vendor\phpunit\phpunit\src\Framework\TestCase.php(686): PHPUnit\Framework\TestCase->runTest()
#10 C:\xampp\htdocs\quizTv\vendor\phpunit\phpunit\src\Framework\TestRunner.php(105): PHPUnit\Framework\TestCase->runBare()
#11 C:\xampp\htdocs\quizTv\vendor\phpunit\phpunit\src\Framework\TestCase.php(516): PHPUnit\Framework\TestRunner->run(Object(ScriptSettingsTest))
#12 C:\xampp\htdocs\quizTv\vendor\phpunit\phpunit\src\Framework\TestSuite.php(374): PHPUnit\Framework\TestCase->run()
#13 C:\xampp\htdocs\quizTv\vendor\phpunit\phpunit\src\Framework\TestSuite.php(374): PHPUnit\Framework\TestSuite->run()
#14 C:\xampp\htdocs\quizTv\vendor\phpunit\phpunit\src\Framework\TestSuite.php(374): PHPUnit\Framework\TestSuite->run()
#15 C:\xampp\htdocs\quizTv\vendor\phpunit\phpunit\src\TextUI\TestRunner.php(64): PHPUnit\Framework\TestSuite->run()
#16 C:\xampp\htdocs\quizTv\vendor\phpunit\phpunit\src\TextUI\Application.php(203): PHPUnit\TextUI\TestRunner->run(Object(PHPUnit\TextUI\Configuration\Configuration), Object(PHPUnit\Runner\ResultCache\DefaultResultCache), Object(PHPUnit\Framework\TestSuite))
#17 C:\xampp\htdocs\quizTv\vendor\phpunit\phpunit\phpunit(104): PHPUnit\TextUI\Application->run(Array)
#18 C:\xampp\htdocs\quizTv\vendor\bin\phpunit(122): include('C:\\xampp\\htdocs...')
#19 {main}
ERROR - 2026-07-19 18:22:29 --> mysqli_sql_exception: Table 'quiztv.script_settings' doesn't exist in C:\xampp\htdocs\quizTv\vendor\codeigniter4\framework\system\Database\MySQLi\Connection.php:327
Stack trace:
#0 C:\xampp\htdocs\quizTv\vendor\codeigniter4\framework\system\Database\MySQLi\Connection.php(327): mysqli->query('SELECT *\nFROM `...', 0)
#1 C:\xampp\htdocs\quizTv\vendor\codeigniter4\framework\system\Database\BaseConnection.php(738): CodeIgniter\Database\MySQLi\Connection->execute('SELECT *\nFROM `...')
#2 C:\xampp\htdocs\quizTv\vendor\codeigniter4\framework\system\Database\BaseConnection.php(652): CodeIgniter\Database\BaseConnection->simpleQuery('SELECT *\nFROM `...')
#3 C:\xampp\htdocs\quizTv\vendor\codeigniter4\framework\system\Database\BaseBuilder.php(1649): CodeIgniter\Database\BaseConnection->query('SELECT *\nFROM `...', Array, false)
#4 C:\xampp\htdocs\quizTv\vendor\codeigniter4\framework\system\Model.php(330): CodeIgniter\Database\BaseBuilder->get()
#5 C:\xampp\htdocs\quizTv\vendor\codeigniter4\framework\system\BaseModel.php(713): CodeIgniter\Model->doFirst()
#6 C:\xampp\htdocs\quizTv\app\Models\ScriptSettingModel.php(53): CodeIgniter\BaseModel->first()
#7 C:\xampp\htdocs\quizTv\tests\unit\ScriptSettingsTest.php(63): App\Models\ScriptSettingModel->setSetting('header_scripts', '<meta name="ant...')
#8 C:\xampp\htdocs\quizTv\vendor\phpunit\phpunit\src\Framework\TestCase.php(1188): ScriptSettingsTest->testScriptSettingsHelper()
#9 C:\xampp\htdocs\quizTv\vendor\phpunit\phpunit\src\Framework\TestCase.php(686): PHPUnit\Framework\TestCase->runTest()
#10 C:\xampp\htdocs\quizTv\vendor\phpunit\phpunit\src\Framework\TestRunner.php(105): PHPUnit\Framework\TestCase->runBare()
#11 C:\xampp\htdocs\quizTv\vendor\phpunit\phpunit\src\Framework\TestCase.php(516): PHPUnit\Framework\TestRunner->run(Object(ScriptSettingsTest))
#12 C:\xampp\htdocs\quizTv\vendor\phpunit\phpunit\src\Framework\TestSuite.php(374): PHPUnit\Framework\TestCase->run()
#13 C:\xampp\htdocs\quizTv\vendor\phpunit\phpunit\src\Framework\TestSuite.php(374): PHPUnit\Framework\TestSuite->run()
#14 C:\xampp\htdocs\quizTv\vendor\phpunit\phpunit\src\Framework\TestSuite.php(374): PHPUnit\Framework\TestSuite->run()
#15 C:\xampp\htdocs\quizTv\vendor\phpunit\phpunit\src\TextUI\TestRunner.php(64): PHPUnit\Framework\TestSuite->run()
#16 C:\xampp\htdocs\quizTv\vendor\phpunit\phpunit\src\TextUI\Application.php(203): PHPUnit\TextUI\TestRunner->run(Object(PHPUnit\TextUI\Configuration\Configuration), Object(PHPUnit\Runner\ResultCache\DefaultResultCache), Object(PHPUnit\Framework\TestSuite))
#17 C:\xampp\htdocs\quizTv\vendor\phpunit\phpunit\phpunit(104): PHPUnit\TextUI\Application->run(Array)
#18 C:\xampp\htdocs\quizTv\vendor\bin\phpunit(122): include('C:\\xampp\\htdocs...')
#19 {main}
WARNING - 2026-07-19 18:22:29 --> [DEPRECATED] Passing lowercase HTTP method "get" is deprecated. Use uppercase HTTP method like "GET". in SYSTEMPATH\Test\FeatureTestTrait.php on line 168.
 1 SYSTEMPATH\Test\FeatureTestTrait.php(168): trigger_error('Passing lowercase HTTP method "get" is deprecated. Use uppercase HTTP method like "GET".', 16384)
 2 ROOTPATH\tests\unit\ScriptSettingsTest.php(81): ScriptSettingsTest->call('get', 'admin/script-settings')
 3 VENDORPATH\phpunit\phpunit\src\Framework\TestCase.php(1188): ScriptSettingsTest->testScriptSettingsRoutesRegistered()
 4 VENDORPATH\phpunit\phpunit\src\Framework\TestCase.php(686): PHPUnit\Framework\TestCase->runTest()
 5 VENDORPATH\phpunit\phpunit\src\Framework\TestRunner.php(105): PHPUnit\Framework\TestCase->runBare()
 6 VENDORPATH\phpunit\phpunit\src\Framework\TestCase.php(516): PHPUnit\Framework\TestRunner->run(Object(ScriptSettingsTest))
 7 VENDORPATH\phpunit\phpunit\src\Framework\TestSuite.php(374): PHPUnit\Framework\TestCase->run()
 8 VENDORPATH\phpunit\phpunit\src\Framework\TestSuite.php(374): PHPUnit\Framework\TestSuite->run()
 9 VENDORPATH\phpunit\phpunit\src\Framework\TestSuite.php(374): PHPUnit\Framework\TestSuite->run()
10 VENDORPATH\phpunit\phpunit\src\TextUI\TestRunner.php(64): PHPUnit\Framework\TestSuite->run()
11 VENDORPATH\phpunit\phpunit\src\TextUI\Application.php(203): PHPUnit\TextUI\TestRunner->run(Object(PHPUnit\TextUI\Configuration\Configuration), Object(PHPUnit\Runner\ResultCache\DefaultResultCache), Object(PHPUnit\Framework\TestSuite))
12 VENDORPATH\phpunit\phpunit\phpunit(104): PHPUnit\TextUI\Application->run([...])
13 VENDORPATH\bin\phpunit(122): include('C:\\xampp\\htdocs\\quizTv\\vendor\\phpunit\\phpunit\\phpunit')
WARNING - 2026-07-19 18:22:29 --> [DEPRECATED] Passing lowercase HTTP method "post" is deprecated. Use uppercase HTTP method like "POST". in SYSTEMPATH\Test\FeatureTestTrait.php on line 168.
 1 SYSTEMPATH\Test\FeatureTestTrait.php(168): trigger_error('Passing lowercase HTTP method "post" is deprecated. Use uppercase HTTP method like "POST".', 16384)
 2 ROOTPATH\tests\unit\ScriptSettingsTest.php(84): ScriptSettingsTest->call('post', 'admin/script-settings/update')
 3 VENDORPATH\phpunit\phpunit\src\Framework\TestCase.php(1188): ScriptSettingsTest->testScriptSettingsRoutesRegistered()
 4 VENDORPATH\phpunit\phpunit\src\Framework\TestCase.php(686): PHPUnit\Framework\TestCase->runTest()
 5 VENDORPATH\phpunit\phpunit\src\Framework\TestRunner.php(105): PHPUnit\Framework\TestCase->runBare()
 6 VENDORPATH\phpunit\phpunit\src\Framework\TestCase.php(516): PHPUnit\Framework\TestRunner->run(Object(ScriptSettingsTest))
 7 VENDORPATH\phpunit\phpunit\src\Framework\TestSuite.php(374): PHPUnit\Framework\TestCase->run()
 8 VENDORPATH\phpunit\phpunit\src\Framework\TestSuite.php(374): PHPUnit\Framework\TestSuite->run()
 9 VENDORPATH\phpunit\phpunit\src\Framework\TestSuite.php(374): PHPUnit\Framework\TestSuite->run()
10 VENDORPATH\phpunit\phpunit\src\TextUI\TestRunner.php(64): PHPUnit\Framework\TestSuite->run()
11 VENDORPATH\phpunit\phpunit\src\TextUI\Application.php(203): PHPUnit\TextUI\TestRunner->run(Object(PHPUnit\TextUI\Configuration\Configuration), Object(PHPUnit\Runner\ResultCache\DefaultResultCache), Object(PHPUnit\Framework\TestSuite))
12 VENDORPATH\phpunit\phpunit\phpunit(104): PHPUnit\TextUI\Application->run([...])
13 VENDORPATH\bin\phpunit(122): include('C:\\xampp\\htdocs\\quizTv\\vendor\\phpunit\\phpunit\\phpunit')
WARNING - 2026-07-19 18:22:29 --> [DEPRECATED] Passing lowercase HTTP method "get" is deprecated. Use uppercase HTTP method like "GET". in SYSTEMPATH\Test\FeatureTestTrait.php on line 168.
 1 SYSTEMPATH\Test\FeatureTestTrait.php(168): trigger_error('Passing lowercase HTTP method "get" is deprecated. Use uppercase HTTP method like "GET".', 16384)
 2 ROOTPATH\tests\unit\SecurityAndDatabaseTest.php(53): SecurityAndDatabaseTest->call('get', 'user/dashboard')
 3 VENDORPATH\phpunit\phpunit\src\Framework\TestCase.php(1188): SecurityAndDatabaseTest->testAuthFiltersRedirect()
 4 VENDORPATH\phpunit\phpunit\src\Framework\TestCase.php(686): PHPUnit\Framework\TestCase->runTest()
 5 VENDORPATH\phpunit\phpunit\src\Framework\TestRunner.php(105): PHPUnit\Framework\TestCase->runBare()
 6 VENDORPATH\phpunit\phpunit\src\Framework\TestCase.php(516): PHPUnit\Framework\TestRunner->run(Object(SecurityAndDatabaseTest))
 7 VENDORPATH\phpunit\phpunit\src\Framework\TestSuite.php(374): PHPUnit\Framework\TestCase->run()
 8 VENDORPATH\phpunit\phpunit\src\Framework\TestSuite.php(374): PHPUnit\Framework\TestSuite->run()
 9 VENDORPATH\phpunit\phpunit\src\Framework\TestSuite.php(374): PHPUnit\Framework\TestSuite->run()
10 VENDORPATH\phpunit\phpunit\src\TextUI\TestRunner.php(64): PHPUnit\Framework\TestSuite->run()
11 VENDORPATH\phpunit\phpunit\src\TextUI\Application.php(203): PHPUnit\TextUI\TestRunner->run(Object(PHPUnit\TextUI\Configuration\Configuration), Object(PHPUnit\Runner\ResultCache\DefaultResultCache), Object(PHPUnit\Framework\TestSuite))
12 VENDORPATH\phpunit\phpunit\phpunit(104): PHPUnit\TextUI\Application->run([...])
13 VENDORPATH\bin\phpunit(122): include('C:\\xampp\\htdocs\\quizTv\\vendor\\phpunit\\phpunit\\phpunit')
ERROR - 2026-07-19 18:22:29 --> mysqli_sql_exception: Table 'quiztv.ad_settings' doesn't exist in C:\xampp\htdocs\quizTv\vendor\codeigniter4\framework\system\Database\MySQLi\Connection.php:327
Stack trace:
#0 C:\xampp\htdocs\quizTv\vendor\codeigniter4\framework\system\Database\MySQLi\Connection.php(327): mysqli->query('SELECT *\nFROM `...', 0)
#1 C:\xampp\htdocs\quizTv\vendor\codeigniter4\framework\system\Database\BaseConnection.php(738): CodeIgniter\Database\MySQLi\Connection->execute('SELECT *\nFROM `...')
#2 C:\xampp\htdocs\quizTv\vendor\codeigniter4\framework\system\Database\BaseConnection.php(652): CodeIgniter\Database\BaseConnection->simpleQuery('SELECT *\nFROM `...')
#3 C:\xampp\htdocs\quizTv\vendor\codeigniter4\framework\system\Database\BaseBuilder.php(1649): CodeIgniter\Database\BaseConnection->query('SELECT *\nFROM `...', Array, false)
#4 C:\xampp\htdocs\quizTv\vendor\codeigniter4\framework\system\Model.php(286): CodeIgniter\Database\BaseBuilder->get()
#5 C:\xampp\htdocs\quizTv\vendor\codeigniter4\framework\system\BaseModel.php(675): CodeIgniter\Model->doFindAll(0, 0)
#6 C:\xampp\htdocs\quizTv\app\Models\AdSettingModel.php(71): CodeIgniter\BaseModel->findAll()
#7 C:\xampp\htdocs\quizTv\app\Models\AdSettingModel.php(87): App\Models\AdSettingModel->getAllSettings()
#8 C:\xampp\htdocs\quizTv\tests\unit\SecurityAndDatabaseTest.php(88): App\Models\AdSettingModel->getAdConfig()
#9 C:\xampp\htdocs\quizTv\vendor\phpunit\phpunit\src\Framework\TestCase.php(1188): SecurityAndDatabaseTest->testAdSettingsStructure()
#10 C:\xampp\htdocs\quizTv\vendor\phpunit\phpunit\src\Framework\TestCase.php(686): PHPUnit\Framework\TestCase->runTest()
#11 C:\xampp\htdocs\quizTv\vendor\phpunit\phpunit\src\Framework\TestRunner.php(105): PHPUnit\Framework\TestCase->runBare()
#12 C:\xampp\htdocs\quizTv\vendor\phpunit\phpunit\src\Framework\TestCase.php(516): PHPUnit\Framework\TestRunner->run(Object(SecurityAndDatabaseTest))
#13 C:\xampp\htdocs\quizTv\vendor\phpunit\phpunit\src\Framework\TestSuite.php(374): PHPUnit\Framework\TestCase->run()
#14 C:\xampp\htdocs\quizTv\vendor\phpunit\phpunit\src\Framework\TestSuite.php(374): PHPUnit\Framework\TestSuite->run()
#15 C:\xampp\htdocs\quizTv\vendor\phpunit\phpunit\src\Framework\TestSuite.php(374): PHPUnit\Framework\TestSuite->run()
#16 C:\xampp\htdocs\quizTv\vendor\phpunit\phpunit\src\TextUI\TestRunner.php(64): PHPUnit\Framework\TestSuite->run()
#17 C:\xampp\htdocs\quizTv\vendor\phpunit\phpunit\src\TextUI\Application.php(203): PHPUnit\TextUI\TestRunner->run(Object(PHPUnit\TextUI\Configuration\Configuration), Object(PHPUnit\Runner\ResultCache\DefaultResultCache), Object(PHPUnit\Framework\TestSuite))
#18 C:\xampp\htdocs\quizTv\vendor\phpunit\phpunit\phpunit(104): PHPUnit\TextUI\Application->run(Array)
#19 C:\xampp\htdocs\quizTv\vendor\bin\phpunit(122): include('C:\\xampp\\htdocs...')
#20 {main}
ERROR - 2026-07-19 18:23:04 --> mysqli_sql_exception: Table 'quiztv.script_settings' doesn't exist in C:\xampp\htdocs\quizTv\vendor\codeigniter4\framework\system\Database\MySQLi\Connection.php:327
Stack trace:
#0 C:\xampp\htdocs\quizTv\vendor\codeigniter4\framework\system\Database\MySQLi\Connection.php(327): mysqli->query('SELECT *\nFROM `...', 0)
#1 C:\xampp\htdocs\quizTv\vendor\codeigniter4\framework\system\Database\BaseConnection.php(738): CodeIgniter\Database\MySQLi\Connection->execute('SELECT *\nFROM `...')
#2 C:\xampp\htdocs\quizTv\vendor\codeigniter4\framework\system\Database\BaseConnection.php(652): CodeIgniter\Database\BaseConnection->simpleQuery('SELECT *\nFROM `...')
#3 C:\xampp\htdocs\quizTv\vendor\codeigniter4\framework\system\Database\BaseBuilder.php(1649): CodeIgniter\Database\BaseConnection->query('SELECT *\nFROM `...', Array, false)
#4 C:\xampp\htdocs\quizTv\vendor\codeigniter4\framework\system\Model.php(330): CodeIgniter\Database\BaseBuilder->get()
#5 C:\xampp\htdocs\quizTv\vendor\codeigniter4\framework\system\BaseModel.php(713): CodeIgniter\Model->doFirst()
#6 C:\xampp\htdocs\quizTv\app\Models\ScriptSettingModel.php(53): CodeIgniter\BaseModel->first()
#7 C:\xampp\htdocs\quizTv\tests\unit\ScriptSettingsTest.php(35): App\Models\ScriptSettingModel->setSetting('header_scripts', '<script>console...')
#8 C:\xampp\htdocs\quizTv\vendor\phpunit\phpunit\src\Framework\TestCase.php(1188): ScriptSettingsTest->testScriptSettingsDatabaseModel()
#9 C:\xampp\htdocs\quizTv\vendor\phpunit\phpunit\src\Framework\TestCase.php(686): PHPUnit\Framework\TestCase->runTest()
#10 C:\xampp\htdocs\quizTv\vendor\phpunit\phpunit\src\Framework\TestRunner.php(105): PHPUnit\Framework\TestCase->runBare()
#11 C:\xampp\htdocs\quizTv\vendor\phpunit\phpunit\src\Framework\TestCase.php(516): PHPUnit\Framework\TestRunner->run(Object(ScriptSettingsTest))
#12 C:\xampp\htdocs\quizTv\vendor\phpunit\phpunit\src\Framework\TestSuite.php(374): PHPUnit\Framework\TestCase->run()
#13 C:\xampp\htdocs\quizTv\vendor\phpunit\phpunit\src\Framework\TestSuite.php(374): PHPUnit\Framework\TestSuite->run()
#14 C:\xampp\htdocs\quizTv\vendor\phpunit\phpunit\src\Framework\TestSuite.php(374): PHPUnit\Framework\TestSuite->run()
#15 C:\xampp\htdocs\quizTv\vendor\phpunit\phpunit\src\TextUI\TestRunner.php(64): PHPUnit\Framework\TestSuite->run()
#16 C:\xampp\htdocs\quizTv\vendor\phpunit\phpunit\src\TextUI\Application.php(203): PHPUnit\TextUI\TestRunner->run(Object(PHPUnit\TextUI\Configuration\Configuration), Object(PHPUnit\Runner\ResultCache\DefaultResultCache), Object(PHPUnit\Framework\TestSuite))
#17 C:\xampp\htdocs\quizTv\vendor\phpunit\phpunit\phpunit(104): PHPUnit\TextUI\Application->run(Array)
#18 C:\xampp\htdocs\quizTv\vendor\bin\phpunit(122): include('C:\\xampp\\htdocs...')
#19 {main}
ERROR - 2026-07-19 18:23:04 --> mysqli_sql_exception: Table 'quiztv.script_settings' doesn't exist in C:\xampp\htdocs\quizTv\vendor\codeigniter4\framework\system\Database\MySQLi\Connection.php:327
Stack trace:
#0 C:\xampp\htdocs\quizTv\vendor\codeigniter4\framework\system\Database\MySQLi\Connection.php(327): mysqli->query('SELECT *\nFROM `...', 0)
#1 C:\xampp\htdocs\quizTv\vendor\codeigniter4\framework\system\Database\BaseConnection.php(738): CodeIgniter\Database\MySQLi\Connection->execute('SELECT *\nFROM `...')
#2 C:\xampp\htdocs\quizTv\vendor\codeigniter4\framework\system\Database\BaseConnection.php(652): CodeIgniter\Database\BaseConnection->simpleQuery('SELECT *\nFROM `...')
#3 C:\xampp\htdocs\quizTv\vendor\codeigniter4\framework\system\Database\BaseBuilder.php(1649): CodeIgniter\Database\BaseConnection->query('SELECT *\nFROM `...', Array, false)
#4 C:\xampp\htdocs\quizTv\vendor\codeigniter4\framework\system\Model.php(330): CodeIgniter\Database\BaseBuilder->get()
#5 C:\xampp\htdocs\quizTv\vendor\codeigniter4\framework\system\BaseModel.php(713): CodeIgniter\Model->doFirst()
#6 C:\xampp\htdocs\quizTv\app\Models\ScriptSettingModel.php(53): CodeIgniter\BaseModel->first()
#7 C:\xampp\htdocs\quizTv\tests\unit\ScriptSettingsTest.php(63): App\Models\ScriptSettingModel->setSetting('header_scripts', '<meta name="ant...')
#8 C:\xampp\htdocs\quizTv\vendor\phpunit\phpunit\src\Framework\TestCase.php(1188): ScriptSettingsTest->testScriptSettingsHelper()
#9 C:\xampp\htdocs\quizTv\vendor\phpunit\phpunit\src\Framework\TestCase.php(686): PHPUnit\Framework\TestCase->runTest()
#10 C:\xampp\htdocs\quizTv\vendor\phpunit\phpunit\src\Framework\TestRunner.php(105): PHPUnit\Framework\TestCase->runBare()
#11 C:\xampp\htdocs\quizTv\vendor\phpunit\phpunit\src\Framework\TestCase.php(516): PHPUnit\Framework\TestRunner->run(Object(ScriptSettingsTest))
#12 C:\xampp\htdocs\quizTv\vendor\phpunit\phpunit\src\Framework\TestSuite.php(374): PHPUnit\Framework\TestCase->run()
#13 C:\xampp\htdocs\quizTv\vendor\phpunit\phpunit\src\Framework\TestSuite.php(374): PHPUnit\Framework\TestSuite->run()
#14 C:\xampp\htdocs\quizTv\vendor\phpunit\phpunit\src\Framework\TestSuite.php(374): PHPUnit\Framework\TestSuite->run()
#15 C:\xampp\htdocs\quizTv\vendor\phpunit\phpunit\src\TextUI\TestRunner.php(64): PHPUnit\Framework\TestSuite->run()
#16 C:\xampp\htdocs\quizTv\vendor\phpunit\phpunit\src\TextUI\Application.php(203): PHPUnit\TextUI\TestRunner->run(Object(PHPUnit\TextUI\Configuration\Configuration), Object(PHPUnit\Runner\ResultCache\DefaultResultCache), Object(PHPUnit\Framework\TestSuite))
#17 C:\xampp\htdocs\quizTv\vendor\phpunit\phpunit\phpunit(104): PHPUnit\TextUI\Application->run(Array)
#18 C:\xampp\htdocs\quizTv\vendor\bin\phpunit(122): include('C:\\xampp\\htdocs...')
#19 {main}
WARNING - 2026-07-19 18:23:04 --> [DEPRECATED] Passing lowercase HTTP method "get" is deprecated. Use uppercase HTTP method like "GET". in SYSTEMPATH\Test\FeatureTestTrait.php on line 168.
 1 SYSTEMPATH\Test\FeatureTestTrait.php(168): trigger_error('Passing lowercase HTTP method "get" is deprecated. Use uppercase HTTP method like "GET".', 16384)
 2 ROOTPATH\tests\unit\ScriptSettingsTest.php(81): ScriptSettingsTest->call('get', 'admin/script-settings')
 3 VENDORPATH\phpunit\phpunit\src\Framework\TestCase.php(1188): ScriptSettingsTest->testScriptSettingsRoutesRegistered()
 4 VENDORPATH\phpunit\phpunit\src\Framework\TestCase.php(686): PHPUnit\Framework\TestCase->runTest()
 5 VENDORPATH\phpunit\phpunit\src\Framework\TestRunner.php(105): PHPUnit\Framework\TestCase->runBare()
 6 VENDORPATH\phpunit\phpunit\src\Framework\TestCase.php(516): PHPUnit\Framework\TestRunner->run(Object(ScriptSettingsTest))
 7 VENDORPATH\phpunit\phpunit\src\Framework\TestSuite.php(374): PHPUnit\Framework\TestCase->run()
 8 VENDORPATH\phpunit\phpunit\src\Framework\TestSuite.php(374): PHPUnit\Framework\TestSuite->run()
 9 VENDORPATH\phpunit\phpunit\src\Framework\TestSuite.php(374): PHPUnit\Framework\TestSuite->run()
10 VENDORPATH\phpunit\phpunit\src\TextUI\TestRunner.php(64): PHPUnit\Framework\TestSuite->run()
11 VENDORPATH\phpunit\phpunit\src\TextUI\Application.php(203): PHPUnit\TextUI\TestRunner->run(Object(PHPUnit\TextUI\Configuration\Configuration), Object(PHPUnit\Runner\ResultCache\DefaultResultCache), Object(PHPUnit\Framework\TestSuite))
12 VENDORPATH\phpunit\phpunit\phpunit(104): PHPUnit\TextUI\Application->run([...])
13 VENDORPATH\bin\phpunit(122): include('C:\\xampp\\htdocs\\quizTv\\vendor\\phpunit\\phpunit\\phpunit')
WARNING - 2026-07-19 18:23:04 --> [DEPRECATED] Passing lowercase HTTP method "post" is deprecated. Use uppercase HTTP method like "POST". in SYSTEMPATH\Test\FeatureTestTrait.php on line 168.
 1 SYSTEMPATH\Test\FeatureTestTrait.php(168): trigger_error('Passing lowercase HTTP method "post" is deprecated. Use uppercase HTTP method like "POST".', 16384)
 2 ROOTPATH\tests\unit\ScriptSettingsTest.php(84): ScriptSettingsTest->call('post', 'admin/script-settings/update')
 3 VENDORPATH\phpunit\phpunit\src\Framework\TestCase.php(1188): ScriptSettingsTest->testScriptSettingsRoutesRegistered()
 4 VENDORPATH\phpunit\phpunit\src\Framework\TestCase.php(686): PHPUnit\Framework\TestCase->runTest()
 5 VENDORPATH\phpunit\phpunit\src\Framework\TestRunner.php(105): PHPUnit\Framework\TestCase->runBare()
 6 VENDORPATH\phpunit\phpunit\src\Framework\TestCase.php(516): PHPUnit\Framework\TestRunner->run(Object(ScriptSettingsTest))
 7 VENDORPATH\phpunit\phpunit\src\Framework\TestSuite.php(374): PHPUnit\Framework\TestCase->run()
 8 VENDORPATH\phpunit\phpunit\src\Framework\TestSuite.php(374): PHPUnit\Framework\TestSuite->run()
 9 VENDORPATH\phpunit\phpunit\src\Framework\TestSuite.php(374): PHPUnit\Framework\TestSuite->run()
10 VENDORPATH\phpunit\phpunit\src\TextUI\TestRunner.php(64): PHPUnit\Framework\TestSuite->run()
11 VENDORPATH\phpunit\phpunit\src\TextUI\Application.php(203): PHPUnit\TextUI\TestRunner->run(Object(PHPUnit\TextUI\Configuration\Configuration), Object(PHPUnit\Runner\ResultCache\DefaultResultCache), Object(PHPUnit\Framework\TestSuite))
12 VENDORPATH\phpunit\phpunit\phpunit(104): PHPUnit\TextUI\Application->run([...])
13 VENDORPATH\bin\phpunit(122): include('C:\\xampp\\htdocs\\quizTv\\vendor\\phpunit\\phpunit\\phpunit')
WARNING - 2026-07-19 18:23:04 --> [DEPRECATED] Passing lowercase HTTP method "get" is deprecated. Use uppercase HTTP method like "GET". in SYSTEMPATH\Test\FeatureTestTrait.php on line 168.
 1 SYSTEMPATH\Test\FeatureTestTrait.php(168): trigger_error('Passing lowercase HTTP method "get" is deprecated. Use uppercase HTTP method like "GET".', 16384)
 2 ROOTPATH\tests\unit\SecurityAndDatabaseTest.php(53): SecurityAndDatabaseTest->call('get', 'user/dashboard')
 3 VENDORPATH\phpunit\phpunit\src\Framework\TestCase.php(1188): SecurityAndDatabaseTest->testAuthFiltersRedirect()
 4 VENDORPATH\phpunit\phpunit\src\Framework\TestCase.php(686): PHPUnit\Framework\TestCase->runTest()
 5 VENDORPATH\phpunit\phpunit\src\Framework\TestRunner.php(105): PHPUnit\Framework\TestCase->runBare()
 6 VENDORPATH\phpunit\phpunit\src\Framework\TestCase.php(516): PHPUnit\Framework\TestRunner->run(Object(SecurityAndDatabaseTest))
 7 VENDORPATH\phpunit\phpunit\src\Framework\TestSuite.php(374): PHPUnit\Framework\TestCase->run()
 8 VENDORPATH\phpunit\phpunit\src\Framework\TestSuite.php(374): PHPUnit\Framework\TestSuite->run()
 9 VENDORPATH\phpunit\phpunit\src\Framework\TestSuite.php(374): PHPUnit\Framework\TestSuite->run()
10 VENDORPATH\phpunit\phpunit\src\TextUI\TestRunner.php(64): PHPUnit\Framework\TestSuite->run()
11 VENDORPATH\phpunit\phpunit\src\TextUI\Application.php(203): PHPUnit\TextUI\TestRunner->run(Object(PHPUnit\TextUI\Configuration\Configuration), Object(PHPUnit\Runner\ResultCache\DefaultResultCache), Object(PHPUnit\Framework\TestSuite))
12 VENDORPATH\phpunit\phpunit\phpunit(104): PHPUnit\TextUI\Application->run([...])
13 VENDORPATH\bin\phpunit(122): include('C:\\xampp\\htdocs\\quizTv\\vendor\\phpunit\\phpunit\\phpunit')
ERROR - 2026-07-19 18:23:04 --> mysqli_sql_exception: Table 'quiztv.ad_settings' doesn't exist in C:\xampp\htdocs\quizTv\vendor\codeigniter4\framework\system\Database\MySQLi\Connection.php:327
Stack trace:
#0 C:\xampp\htdocs\quizTv\vendor\codeigniter4\framework\system\Database\MySQLi\Connection.php(327): mysqli->query('SELECT *\nFROM `...', 0)
#1 C:\xampp\htdocs\quizTv\vendor\codeigniter4\framework\system\Database\BaseConnection.php(738): CodeIgniter\Database\MySQLi\Connection->execute('SELECT *\nFROM `...')
#2 C:\xampp\htdocs\quizTv\vendor\codeigniter4\framework\system\Database\BaseConnection.php(652): CodeIgniter\Database\BaseConnection->simpleQuery('SELECT *\nFROM `...')
#3 C:\xampp\htdocs\quizTv\vendor\codeigniter4\framework\system\Database\BaseBuilder.php(1649): CodeIgniter\Database\BaseConnection->query('SELECT *\nFROM `...', Array, false)
#4 C:\xampp\htdocs\quizTv\vendor\codeigniter4\framework\system\Model.php(286): CodeIgniter\Database\BaseBuilder->get()
#5 C:\xampp\htdocs\quizTv\vendor\codeigniter4\framework\system\BaseModel.php(675): CodeIgniter\Model->doFindAll(0, 0)
#6 C:\xampp\htdocs\quizTv\app\Models\AdSettingModel.php(71): CodeIgniter\BaseModel->findAll()
#7 C:\xampp\htdocs\quizTv\app\Models\AdSettingModel.php(87): App\Models\AdSettingModel->getAllSettings()
#8 C:\xampp\htdocs\quizTv\tests\unit\SecurityAndDatabaseTest.php(88): App\Models\AdSettingModel->getAdConfig()
#9 C:\xampp\htdocs\quizTv\vendor\phpunit\phpunit\src\Framework\TestCase.php(1188): SecurityAndDatabaseTest->testAdSettingsStructure()
#10 C:\xampp\htdocs\quizTv\vendor\phpunit\phpunit\src\Framework\TestCase.php(686): PHPUnit\Framework\TestCase->runTest()
#11 C:\xampp\htdocs\quizTv\vendor\phpunit\phpunit\src\Framework\TestRunner.php(105): PHPUnit\Framework\TestCase->runBare()
#12 C:\xampp\htdocs\quizTv\vendor\phpunit\phpunit\src\Framework\TestCase.php(516): PHPUnit\Framework\TestRunner->run(Object(SecurityAndDatabaseTest))
#13 C:\xampp\htdocs\quizTv\vendor\phpunit\phpunit\src\Framework\TestSuite.php(374): PHPUnit\Framework\TestCase->run()
#14 C:\xampp\htdocs\quizTv\vendor\phpunit\phpunit\src\Framework\TestSuite.php(374): PHPUnit\Framework\TestSuite->run()
#15 C:\xampp\htdocs\quizTv\vendor\phpunit\phpunit\src\Framework\TestSuite.php(374): PHPUnit\Framework\TestSuite->run()
#16 C:\xampp\htdocs\quizTv\vendor\phpunit\phpunit\src\TextUI\TestRunner.php(64): PHPUnit\Framework\TestSuite->run()
#17 C:\xampp\htdocs\quizTv\vendor\phpunit\phpunit\src\TextUI\Application.php(203): PHPUnit\TextUI\TestRunner->run(Object(PHPUnit\TextUI\Configuration\Configuration), Object(PHPUnit\Runner\ResultCache\DefaultResultCache), Object(PHPUnit\Framework\TestSuite))
#18 C:\xampp\htdocs\quizTv\vendor\phpunit\phpunit\phpunit(104): PHPUnit\TextUI\Application->run(Array)
#19 C:\xampp\htdocs\quizTv\vendor\bin\phpunit(122): include('C:\\xampp\\htdocs...')
#20 {main}
ERROR - 2026-07-19 18:24:03 --> mysqli_sql_exception: Table 'quiztv.script_settings' doesn't exist in C:\xampp\htdocs\quizTv\vendor\codeigniter4\framework\system\Database\MySQLi\Connection.php:327
Stack trace:
#0 C:\xampp\htdocs\quizTv\vendor\codeigniter4\framework\system\Database\MySQLi\Connection.php(327): mysqli->query('SELECT *\nFROM `...', 0)
#1 C:\xampp\htdocs\quizTv\vendor\codeigniter4\framework\system\Database\BaseConnection.php(738): CodeIgniter\Database\MySQLi\Connection->execute('SELECT *\nFROM `...')
#2 C:\xampp\htdocs\quizTv\vendor\codeigniter4\framework\system\Database\BaseConnection.php(652): CodeIgniter\Database\BaseConnection->simpleQuery('SELECT *\nFROM `...')
#3 C:\xampp\htdocs\quizTv\vendor\codeigniter4\framework\system\Database\BaseBuilder.php(1649): CodeIgniter\Database\BaseConnection->query('SELECT *\nFROM `...', Array, false)
#4 C:\xampp\htdocs\quizTv\vendor\codeigniter4\framework\system\Model.php(330): CodeIgniter\Database\BaseBuilder->get()
#5 C:\xampp\htdocs\quizTv\vendor\codeigniter4\framework\system\BaseModel.php(713): CodeIgniter\Model->doFirst()
#6 C:\xampp\htdocs\quizTv\app\Models\ScriptSettingModel.php(53): CodeIgniter\BaseModel->first()
#7 C:\xampp\htdocs\quizTv\tests\unit\ScriptSettingsTest.php(35): App\Models\ScriptSettingModel->setSetting('header_scripts', '<script>console...')
#8 C:\xampp\htdocs\quizTv\vendor\phpunit\phpunit\src\Framework\TestCase.php(1188): ScriptSettingsTest->testScriptSettingsDatabaseModel()
#9 C:\xampp\htdocs\quizTv\vendor\phpunit\phpunit\src\Framework\TestCase.php(686): PHPUnit\Framework\TestCase->runTest()
#10 C:\xampp\htdocs\quizTv\vendor\phpunit\phpunit\src\Framework\TestRunner.php(105): PHPUnit\Framework\TestCase->runBare()
#11 C:\xampp\htdocs\quizTv\vendor\phpunit\phpunit\src\Framework\TestCase.php(516): PHPUnit\Framework\TestRunner->run(Object(ScriptSettingsTest))
#12 C:\xampp\htdocs\quizTv\vendor\phpunit\phpunit\src\Framework\TestSuite.php(374): PHPUnit\Framework\TestCase->run()
#13 C:\xampp\htdocs\quizTv\vendor\phpunit\phpunit\src\Framework\TestSuite.php(374): PHPUnit\Framework\TestSuite->run()
#14 C:\xampp\htdocs\quizTv\vendor\phpunit\phpunit\src\Framework\TestSuite.php(374): PHPUnit\Framework\TestSuite->run()
#15 C:\xampp\htdocs\quizTv\vendor\phpunit\phpunit\src\TextUI\TestRunner.php(64): PHPUnit\Framework\TestSuite->run()
#16 C:\xampp\htdocs\quizTv\vendor\phpunit\phpunit\src\TextUI\Application.php(203): PHPUnit\TextUI\TestRunner->run(Object(PHPUnit\TextUI\Configuration\Configuration), Object(PHPUnit\Runner\ResultCache\DefaultResultCache), Object(PHPUnit\Framework\TestSuite))
#17 C:\xampp\htdocs\quizTv\vendor\phpunit\phpunit\phpunit(104): PHPUnit\TextUI\Application->run(Array)
#18 C:\xampp\htdocs\quizTv\vendor\bin\phpunit(122): include('C:\\xampp\\htdocs...')
#19 {main}
ERROR - 2026-07-19 18:24:03 --> mysqli_sql_exception: Table 'quiztv.script_settings' doesn't exist in C:\xampp\htdocs\quizTv\vendor\codeigniter4\framework\system\Database\MySQLi\Connection.php:327
Stack trace:
#0 C:\xampp\htdocs\quizTv\vendor\codeigniter4\framework\system\Database\MySQLi\Connection.php(327): mysqli->query('SELECT *\nFROM `...', 0)
#1 C:\xampp\htdocs\quizTv\vendor\codeigniter4\framework\system\Database\BaseConnection.php(738): CodeIgniter\Database\MySQLi\Connection->execute('SELECT *\nFROM `...')
#2 C:\xampp\htdocs\quizTv\vendor\codeigniter4\framework\system\Database\BaseConnection.php(652): CodeIgniter\Database\BaseConnection->simpleQuery('SELECT *\nFROM `...')
#3 C:\xampp\htdocs\quizTv\vendor\codeigniter4\framework\system\Database\BaseBuilder.php(1649): CodeIgniter\Database\BaseConnection->query('SELECT *\nFROM `...', Array, false)
#4 C:\xampp\htdocs\quizTv\vendor\codeigniter4\framework\system\Model.php(330): CodeIgniter\Database\BaseBuilder->get()
#5 C:\xampp\htdocs\quizTv\vendor\codeigniter4\framework\system\BaseModel.php(713): CodeIgniter\Model->doFirst()
#6 C:\xampp\htdocs\quizTv\app\Models\ScriptSettingModel.php(53): CodeIgniter\BaseModel->first()
#7 C:\xampp\htdocs\quizTv\tests\unit\ScriptSettingsTest.php(63): App\Models\ScriptSettingModel->setSetting('header_scripts', '<meta name="ant...')
#8 C:\xampp\htdocs\quizTv\vendor\phpunit\phpunit\src\Framework\TestCase.php(1188): ScriptSettingsTest->testScriptSettingsHelper()
#9 C:\xampp\htdocs\quizTv\vendor\phpunit\phpunit\src\Framework\TestCase.php(686): PHPUnit\Framework\TestCase->runTest()
#10 C:\xampp\htdocs\quizTv\vendor\phpunit\phpunit\src\Framework\TestRunner.php(105): PHPUnit\Framework\TestCase->runBare()
#11 C:\xampp\htdocs\quizTv\vendor\phpunit\phpunit\src\Framework\TestCase.php(516): PHPUnit\Framework\TestRunner->run(Object(ScriptSettingsTest))
#12 C:\xampp\htdocs\quizTv\vendor\phpunit\phpunit\src\Framework\TestSuite.php(374): PHPUnit\Framework\TestCase->run()
#13 C:\xampp\htdocs\quizTv\vendor\phpunit\phpunit\src\Framework\TestSuite.php(374): PHPUnit\Framework\TestSuite->run()
#14 C:\xampp\htdocs\quizTv\vendor\phpunit\phpunit\src\Framework\TestSuite.php(374): PHPUnit\Framework\TestSuite->run()
#15 C:\xampp\htdocs\quizTv\vendor\phpunit\phpunit\src\TextUI\TestRunner.php(64): PHPUnit\Framework\TestSuite->run()
#16 C:\xampp\htdocs\quizTv\vendor\phpunit\phpunit\src\TextUI\Application.php(203): PHPUnit\TextUI\TestRunner->run(Object(PHPUnit\TextUI\Configuration\Configuration), Object(PHPUnit\Runner\ResultCache\DefaultResultCache), Object(PHPUnit\Framework\TestSuite))
#17 C:\xampp\htdocs\quizTv\vendor\phpunit\phpunit\phpunit(104): PHPUnit\TextUI\Application->run(Array)
#18 C:\xampp\htdocs\quizTv\vendor\bin\phpunit(122): include('C:\\xampp\\htdocs...')
#19 {main}
WARNING - 2026-07-19 18:24:03 --> [DEPRECATED] Passing lowercase HTTP method "get" is deprecated. Use uppercase HTTP method like "GET". in SYSTEMPATH\Test\FeatureTestTrait.php on line 168.
 1 SYSTEMPATH\Test\FeatureTestTrait.php(168): trigger_error('Passing lowercase HTTP method "get" is deprecated. Use uppercase HTTP method like "GET".', 16384)
 2 ROOTPATH\tests\unit\ScriptSettingsTest.php(81): ScriptSettingsTest->call('get', 'admin/script-settings')
 3 VENDORPATH\phpunit\phpunit\src\Framework\TestCase.php(1188): ScriptSettingsTest->testScriptSettingsRoutesRegistered()
 4 VENDORPATH\phpunit\phpunit\src\Framework\TestCase.php(686): PHPUnit\Framework\TestCase->runTest()
 5 VENDORPATH\phpunit\phpunit\src\Framework\TestRunner.php(105): PHPUnit\Framework\TestCase->runBare()
 6 VENDORPATH\phpunit\phpunit\src\Framework\TestCase.php(516): PHPUnit\Framework\TestRunner->run(Object(ScriptSettingsTest))
 7 VENDORPATH\phpunit\phpunit\src\Framework\TestSuite.php(374): PHPUnit\Framework\TestCase->run()
 8 VENDORPATH\phpunit\phpunit\src\Framework\TestSuite.php(374): PHPUnit\Framework\TestSuite->run()
 9 VENDORPATH\phpunit\phpunit\src\Framework\TestSuite.php(374): PHPUnit\Framework\TestSuite->run()
10 VENDORPATH\phpunit\phpunit\src\TextUI\TestRunner.php(64): PHPUnit\Framework\TestSuite->run()
11 VENDORPATH\phpunit\phpunit\src\TextUI\Application.php(203): PHPUnit\TextUI\TestRunner->run(Object(PHPUnit\TextUI\Configuration\Configuration), Object(PHPUnit\Runner\ResultCache\DefaultResultCache), Object(PHPUnit\Framework\TestSuite))
12 VENDORPATH\phpunit\phpunit\phpunit(104): PHPUnit\TextUI\Application->run([...])
13 VENDORPATH\bin\phpunit(122): include('C:\\xampp\\htdocs\\quizTv\\vendor\\phpunit\\phpunit\\phpunit')
WARNING - 2026-07-19 18:24:03 --> [DEPRECATED] Passing lowercase HTTP method "post" is deprecated. Use uppercase HTTP method like "POST". in SYSTEMPATH\Test\FeatureTestTrait.php on line 168.
 1 SYSTEMPATH\Test\FeatureTestTrait.php(168): trigger_error('Passing lowercase HTTP method "post" is deprecated. Use uppercase HTTP method like "POST".', 16384)
 2 ROOTPATH\tests\unit\ScriptSettingsTest.php(84): ScriptSettingsTest->call('post', 'admin/script-settings/update')
 3 VENDORPATH\phpunit\phpunit\src\Framework\TestCase.php(1188): ScriptSettingsTest->testScriptSettingsRoutesRegistered()
 4 VENDORPATH\phpunit\phpunit\src\Framework\TestCase.php(686): PHPUnit\Framework\TestCase->runTest()
 5 VENDORPATH\phpunit\phpunit\src\Framework\TestRunner.php(105): PHPUnit\Framework\TestCase->runBare()
 6 VENDORPATH\phpunit\phpunit\src\Framework\TestCase.php(516): PHPUnit\Framework\TestRunner->run(Object(ScriptSettingsTest))
 7 VENDORPATH\phpunit\phpunit\src\Framework\TestSuite.php(374): PHPUnit\Framework\TestCase->run()
 8 VENDORPATH\phpunit\phpunit\src\Framework\TestSuite.php(374): PHPUnit\Framework\TestSuite->run()
 9 VENDORPATH\phpunit\phpunit\src\Framework\TestSuite.php(374): PHPUnit\Framework\TestSuite->run()
10 VENDORPATH\phpunit\phpunit\src\TextUI\TestRunner.php(64): PHPUnit\Framework\TestSuite->run()
11 VENDORPATH\phpunit\phpunit\src\TextUI\Application.php(203): PHPUnit\TextUI\TestRunner->run(Object(PHPUnit\TextUI\Configuration\Configuration), Object(PHPUnit\Runner\ResultCache\DefaultResultCache), Object(PHPUnit\Framework\TestSuite))
12 VENDORPATH\phpunit\phpunit\phpunit(104): PHPUnit\TextUI\Application->run([...])
13 VENDORPATH\bin\phpunit(122): include('C:\\xampp\\htdocs\\quizTv\\vendor\\phpunit\\phpunit\\phpunit')
WARNING - 2026-07-19 18:24:04 --> [DEPRECATED] Passing lowercase HTTP method "get" is deprecated. Use uppercase HTTP method like "GET". in SYSTEMPATH\Test\FeatureTestTrait.php on line 168.
 1 SYSTEMPATH\Test\FeatureTestTrait.php(168): trigger_error('Passing lowercase HTTP method "get" is deprecated. Use uppercase HTTP method like "GET".', 16384)
 2 ROOTPATH\tests\unit\SecurityAndDatabaseTest.php(53): SecurityAndDatabaseTest->call('get', 'user/dashboard')
 3 VENDORPATH\phpunit\phpunit\src\Framework\TestCase.php(1188): SecurityAndDatabaseTest->testAuthFiltersRedirect()
 4 VENDORPATH\phpunit\phpunit\src\Framework\TestCase.php(686): PHPUnit\Framework\TestCase->runTest()
 5 VENDORPATH\phpunit\phpunit\src\Framework\TestRunner.php(105): PHPUnit\Framework\TestCase->runBare()
 6 VENDORPATH\phpunit\phpunit\src\Framework\TestCase.php(516): PHPUnit\Framework\TestRunner->run(Object(SecurityAndDatabaseTest))
 7 VENDORPATH\phpunit\phpunit\src\Framework\TestSuite.php(374): PHPUnit\Framework\TestCase->run()
 8 VENDORPATH\phpunit\phpunit\src\Framework\TestSuite.php(374): PHPUnit\Framework\TestSuite->run()
 9 VENDORPATH\phpunit\phpunit\src\Framework\TestSuite.php(374): PHPUnit\Framework\TestSuite->run()
10 VENDORPATH\phpunit\phpunit\src\TextUI\TestRunner.php(64): PHPUnit\Framework\TestSuite->run()
11 VENDORPATH\phpunit\phpunit\src\TextUI\Application.php(203): PHPUnit\TextUI\TestRunner->run(Object(PHPUnit\TextUI\Configuration\Configuration), Object(PHPUnit\Runner\ResultCache\DefaultResultCache), Object(PHPUnit\Framework\TestSuite))
12 VENDORPATH\phpunit\phpunit\phpunit(104): PHPUnit\TextUI\Application->run([...])
13 VENDORPATH\bin\phpunit(122): include('C:\\xampp\\htdocs\\quizTv\\vendor\\phpunit\\phpunit\\phpunit')
ERROR - 2026-07-19 18:24:05 --> mysqli_sql_exception: Table 'quiztv.ad_settings' doesn't exist in C:\xampp\htdocs\quizTv\vendor\codeigniter4\framework\system\Database\MySQLi\Connection.php:327
Stack trace:
#0 C:\xampp\htdocs\quizTv\vendor\codeigniter4\framework\system\Database\MySQLi\Connection.php(327): mysqli->query('SELECT *\nFROM `...', 0)
#1 C:\xampp\htdocs\quizTv\vendor\codeigniter4\framework\system\Database\BaseConnection.php(738): CodeIgniter\Database\MySQLi\Connection->execute('SELECT *\nFROM `...')
#2 C:\xampp\htdocs\quizTv\vendor\codeigniter4\framework\system\Database\BaseConnection.php(652): CodeIgniter\Database\BaseConnection->simpleQuery('SELECT *\nFROM `...')
#3 C:\xampp\htdocs\quizTv\vendor\codeigniter4\framework\system\Database\BaseBuilder.php(1649): CodeIgniter\Database\BaseConnection->query('SELECT *\nFROM `...', Array, false)
#4 C:\xampp\htdocs\quizTv\vendor\codeigniter4\framework\system\Model.php(286): CodeIgniter\Database\BaseBuilder->get()
#5 C:\xampp\htdocs\quizTv\vendor\codeigniter4\framework\system\BaseModel.php(675): CodeIgniter\Model->doFindAll(0, 0)
#6 C:\xampp\htdocs\quizTv\app\Models\AdSettingModel.php(71): CodeIgniter\BaseModel->findAll()
#7 C:\xampp\htdocs\quizTv\app\Models\AdSettingModel.php(87): App\Models\AdSettingModel->getAllSettings()
#8 C:\xampp\htdocs\quizTv\tests\unit\SecurityAndDatabaseTest.php(88): App\Models\AdSettingModel->getAdConfig()
#9 C:\xampp\htdocs\quizTv\vendor\phpunit\phpunit\src\Framework\TestCase.php(1188): SecurityAndDatabaseTest->testAdSettingsStructure()
#10 C:\xampp\htdocs\quizTv\vendor\phpunit\phpunit\src\Framework\TestCase.php(686): PHPUnit\Framework\TestCase->runTest()
#11 C:\xampp\htdocs\quizTv\vendor\phpunit\phpunit\src\Framework\TestRunner.php(105): PHPUnit\Framework\TestCase->runBare()
#12 C:\xampp\htdocs\quizTv\vendor\phpunit\phpunit\src\Framework\TestCase.php(516): PHPUnit\Framework\TestRunner->run(Object(SecurityAndDatabaseTest))
#13 C:\xampp\htdocs\quizTv\vendor\phpunit\phpunit\src\Framework\TestSuite.php(374): PHPUnit\Framework\TestCase->run()
#14 C:\xampp\htdocs\quizTv\vendor\phpunit\phpunit\src\Framework\TestSuite.php(374): PHPUnit\Framework\TestSuite->run()
#15 C:\xampp\htdocs\quizTv\vendor\phpunit\phpunit\src\Framework\TestSuite.php(374): PHPUnit\Framework\TestSuite->run()
#16 C:\xampp\htdocs\quizTv\vendor\phpunit\phpunit\src\TextUI\TestRunner.php(64): PHPUnit\Framework\TestSuite->run()
#17 C:\xampp\htdocs\quizTv\vendor\phpunit\phpunit\src\TextUI\Application.php(203): PHPUnit\TextUI\TestRunner->run(Object(PHPUnit\TextUI\Configuration\Configuration), Object(PHPUnit\Runner\ResultCache\DefaultResultCache), Object(PHPUnit\Framework\TestSuite))
#18 C:\xampp\htdocs\quizTv\vendor\phpunit\phpunit\phpunit(104): PHPUnit\TextUI\Application->run(Array)
#19 C:\xampp\htdocs\quizTv\vendor\bin\phpunit(122): include('C:\\xampp\\htdocs...')
#20 {main}
ERROR - 2026-07-19 18:26:19 --> mysqli_sql_exception: Table 'quiztv.script_settings' doesn't exist in C:\xampp\htdocs\quizTv\vendor\codeigniter4\framework\system\Database\MySQLi\Connection.php:327
Stack trace:
#0 C:\xampp\htdocs\quizTv\vendor\codeigniter4\framework\system\Database\MySQLi\Connection.php(327): mysqli->query('SELECT *\nFROM `...', 0)
#1 C:\xampp\htdocs\quizTv\vendor\codeigniter4\framework\system\Database\BaseConnection.php(738): CodeIgniter\Database\MySQLi\Connection->execute('SELECT *\nFROM `...')
#2 C:\xampp\htdocs\quizTv\vendor\codeigniter4\framework\system\Database\BaseConnection.php(652): CodeIgniter\Database\BaseConnection->simpleQuery('SELECT *\nFROM `...')
#3 C:\xampp\htdocs\quizTv\vendor\codeigniter4\framework\system\Database\BaseBuilder.php(1649): CodeIgniter\Database\BaseConnection->query('SELECT *\nFROM `...', Array, false)
#4 C:\xampp\htdocs\quizTv\vendor\codeigniter4\framework\system\Model.php(330): CodeIgniter\Database\BaseBuilder->get()
#5 C:\xampp\htdocs\quizTv\vendor\codeigniter4\framework\system\BaseModel.php(713): CodeIgniter\Model->doFirst()
#6 C:\xampp\htdocs\quizTv\app\Models\ScriptSettingModel.php(53): CodeIgniter\BaseModel->first()
#7 C:\xampp\htdocs\quizTv\tests\unit\ScriptSettingsTest.php(38): App\Models\ScriptSettingModel->setSetting('header_scripts', '<script>console...')
#8 C:\xampp\htdocs\quizTv\vendor\phpunit\phpunit\src\Framework\TestCase.php(1188): ScriptSettingsTest->testScriptSettingsDatabaseModel()
#9 C:\xampp\htdocs\quizTv\vendor\phpunit\phpunit\src\Framework\TestCase.php(686): PHPUnit\Framework\TestCase->runTest()
#10 C:\xampp\htdocs\quizTv\vendor\phpunit\phpunit\src\Framework\TestRunner.php(105): PHPUnit\Framework\TestCase->runBare()
#11 C:\xampp\htdocs\quizTv\vendor\phpunit\phpunit\src\Framework\TestCase.php(516): PHPUnit\Framework\TestRunner->run(Object(ScriptSettingsTest))
#12 C:\xampp\htdocs\quizTv\vendor\phpunit\phpunit\src\Framework\TestSuite.php(374): PHPUnit\Framework\TestCase->run()
#13 C:\xampp\htdocs\quizTv\vendor\phpunit\phpunit\src\Framework\TestSuite.php(374): PHPUnit\Framework\TestSuite->run()
#14 C:\xampp\htdocs\quizTv\vendor\phpunit\phpunit\src\Framework\TestSuite.php(374): PHPUnit\Framework\TestSuite->run()
#15 C:\xampp\htdocs\quizTv\vendor\phpunit\phpunit\src\TextUI\TestRunner.php(64): PHPUnit\Framework\TestSuite->run()
#16 C:\xampp\htdocs\quizTv\vendor\phpunit\phpunit\src\TextUI\Application.php(203): PHPUnit\TextUI\TestRunner->run(Object(PHPUnit\TextUI\Configuration\Configuration), Object(PHPUnit\Runner\ResultCache\DefaultResultCache), Object(PHPUnit\Framework\TestSuite))
#17 C:\xampp\htdocs\quizTv\vendor\phpunit\phpunit\phpunit(104): PHPUnit\TextUI\Application->run(Array)
#18 C:\xampp\htdocs\quizTv\vendor\bin\phpunit(122): include('C:\\xampp\\htdocs...')
#19 {main}
ERROR - 2026-07-19 18:26:19 --> mysqli_sql_exception: Table 'quiztv.script_settings' doesn't exist in C:\xampp\htdocs\quizTv\vendor\codeigniter4\framework\system\Database\MySQLi\Connection.php:327
Stack trace:
#0 C:\xampp\htdocs\quizTv\vendor\codeigniter4\framework\system\Database\MySQLi\Connection.php(327): mysqli->query('SELECT *\nFROM `...', 0)
#1 C:\xampp\htdocs\quizTv\vendor\codeigniter4\framework\system\Database\BaseConnection.php(738): CodeIgniter\Database\MySQLi\Connection->execute('SELECT *\nFROM `...')
#2 C:\xampp\htdocs\quizTv\vendor\codeigniter4\framework\system\Database\BaseConnection.php(652): CodeIgniter\Database\BaseConnection->simpleQuery('SELECT *\nFROM `...')
#3 C:\xampp\htdocs\quizTv\vendor\codeigniter4\framework\system\Database\BaseBuilder.php(1649): CodeIgniter\Database\BaseConnection->query('SELECT *\nFROM `...', Array, false)
#4 C:\xampp\htdocs\quizTv\vendor\codeigniter4\framework\system\Model.php(330): CodeIgniter\Database\BaseBuilder->get()
#5 C:\xampp\htdocs\quizTv\vendor\codeigniter4\framework\system\BaseModel.php(713): CodeIgniter\Model->doFirst()
#6 C:\xampp\htdocs\quizTv\app\Models\ScriptSettingModel.php(53): CodeIgniter\BaseModel->first()
#7 C:\xampp\htdocs\quizTv\tests\unit\ScriptSettingsTest.php(72): App\Models\ScriptSettingModel->setSetting('header_scripts', '<meta name="ant...')
#8 C:\xampp\htdocs\quizTv\vendor\phpunit\phpunit\src\Framework\TestCase.php(1188): ScriptSettingsTest->testScriptSettingsHelper()
#9 C:\xampp\htdocs\quizTv\vendor\phpunit\phpunit\src\Framework\TestCase.php(686): PHPUnit\Framework\TestCase->runTest()
#10 C:\xampp\htdocs\quizTv\vendor\phpunit\phpunit\src\Framework\TestRunner.php(105): PHPUnit\Framework\TestCase->runBare()
#11 C:\xampp\htdocs\quizTv\vendor\phpunit\phpunit\src\Framework\TestCase.php(516): PHPUnit\Framework\TestRunner->run(Object(ScriptSettingsTest))
#12 C:\xampp\htdocs\quizTv\vendor\phpunit\phpunit\src\Framework\TestSuite.php(374): PHPUnit\Framework\TestCase->run()
#13 C:\xampp\htdocs\quizTv\vendor\phpunit\phpunit\src\Framework\TestSuite.php(374): PHPUnit\Framework\TestSuite->run()
#14 C:\xampp\htdocs\quizTv\vendor\phpunit\phpunit\src\Framework\TestSuite.php(374): PHPUnit\Framework\TestSuite->run()
#15 C:\xampp\htdocs\quizTv\vendor\phpunit\phpunit\src\TextUI\TestRunner.php(64): PHPUnit\Framework\TestSuite->run()
#16 C:\xampp\htdocs\quizTv\vendor\phpunit\phpunit\src\TextUI\Application.php(203): PHPUnit\TextUI\TestRunner->run(Object(PHPUnit\TextUI\Configuration\Configuration), Object(PHPUnit\Runner\ResultCache\DefaultResultCache), Object(PHPUnit\Framework\TestSuite))
#17 C:\xampp\htdocs\quizTv\vendor\phpunit\phpunit\phpunit(104): PHPUnit\TextUI\Application->run(Array)
#18 C:\xampp\htdocs\quizTv\vendor\bin\phpunit(122): include('C:\\xampp\\htdocs...')
#19 {main}
WARNING - 2026-07-19 18:26:20 --> [DEPRECATED] Passing lowercase HTTP method "get" is deprecated. Use uppercase HTTP method like "GET". in SYSTEMPATH\Test\FeatureTestTrait.php on line 168.
 1 SYSTEMPATH\Test\FeatureTestTrait.php(168): trigger_error('Passing lowercase HTTP method "get" is deprecated. Use uppercase HTTP method like "GET".', 16384)
 2 ROOTPATH\tests\unit\ScriptSettingsTest.php(93): ScriptSettingsTest->call('get', 'admin/script-settings')
 3 VENDORPATH\phpunit\phpunit\src\Framework\TestCase.php(1188): ScriptSettingsTest->testScriptSettingsRoutesRegistered()
 4 VENDORPATH\phpunit\phpunit\src\Framework\TestCase.php(686): PHPUnit\Framework\TestCase->runTest()
 5 VENDORPATH\phpunit\phpunit\src\Framework\TestRunner.php(105): PHPUnit\Framework\TestCase->runBare()
 6 VENDORPATH\phpunit\phpunit\src\Framework\TestCase.php(516): PHPUnit\Framework\TestRunner->run(Object(ScriptSettingsTest))
 7 VENDORPATH\phpunit\phpunit\src\Framework\TestSuite.php(374): PHPUnit\Framework\TestCase->run()
 8 VENDORPATH\phpunit\phpunit\src\Framework\TestSuite.php(374): PHPUnit\Framework\TestSuite->run()
 9 VENDORPATH\phpunit\phpunit\src\Framework\TestSuite.php(374): PHPUnit\Framework\TestSuite->run()
10 VENDORPATH\phpunit\phpunit\src\TextUI\TestRunner.php(64): PHPUnit\Framework\TestSuite->run()
11 VENDORPATH\phpunit\phpunit\src\TextUI\Application.php(203): PHPUnit\TextUI\TestRunner->run(Object(PHPUnit\TextUI\Configuration\Configuration), Object(PHPUnit\Runner\ResultCache\DefaultResultCache), Object(PHPUnit\Framework\TestSuite))
12 VENDORPATH\phpunit\phpunit\phpunit(104): PHPUnit\TextUI\Application->run([...])
13 VENDORPATH\bin\phpunit(122): include('C:\\xampp\\htdocs\\quizTv\\vendor\\phpunit\\phpunit\\phpunit')
WARNING - 2026-07-19 18:26:20 --> [DEPRECATED] Passing lowercase HTTP method "post" is deprecated. Use uppercase HTTP method like "POST". in SYSTEMPATH\Test\FeatureTestTrait.php on line 168.
 1 SYSTEMPATH\Test\FeatureTestTrait.php(168): trigger_error('Passing lowercase HTTP method "post" is deprecated. Use uppercase HTTP method like "POST".', 16384)
 2 ROOTPATH\tests\unit\ScriptSettingsTest.php(96): ScriptSettingsTest->call('post', 'admin/script-settings/update')
 3 VENDORPATH\phpunit\phpunit\src\Framework\TestCase.php(1188): ScriptSettingsTest->testScriptSettingsRoutesRegistered()
 4 VENDORPATH\phpunit\phpunit\src\Framework\TestCase.php(686): PHPUnit\Framework\TestCase->runTest()
 5 VENDORPATH\phpunit\phpunit\src\Framework\TestRunner.php(105): PHPUnit\Framework\TestCase->runBare()
 6 VENDORPATH\phpunit\phpunit\src\Framework\TestCase.php(516): PHPUnit\Framework\TestRunner->run(Object(ScriptSettingsTest))
 7 VENDORPATH\phpunit\phpunit\src\Framework\TestSuite.php(374): PHPUnit\Framework\TestCase->run()
 8 VENDORPATH\phpunit\phpunit\src\Framework\TestSuite.php(374): PHPUnit\Framework\TestSuite->run()
 9 VENDORPATH\phpunit\phpunit\src\Framework\TestSuite.php(374): PHPUnit\Framework\TestSuite->run()
10 VENDORPATH\phpunit\phpunit\src\TextUI\TestRunner.php(64): PHPUnit\Framework\TestSuite->run()
11 VENDORPATH\phpunit\phpunit\src\TextUI\Application.php(203): PHPUnit\TextUI\TestRunner->run(Object(PHPUnit\TextUI\Configuration\Configuration), Object(PHPUnit\Runner\ResultCache\DefaultResultCache), Object(PHPUnit\Framework\TestSuite))
12 VENDORPATH\phpunit\phpunit\phpunit(104): PHPUnit\TextUI\Application->run([...])
13 VENDORPATH\bin\phpunit(122): include('C:\\xampp\\htdocs\\quizTv\\vendor\\phpunit\\phpunit\\phpunit')
WARNING - 2026-07-19 18:26:21 --> [DEPRECATED] Passing lowercase HTTP method "get" is deprecated. Use uppercase HTTP method like "GET". in SYSTEMPATH\Test\FeatureTestTrait.php on line 168.
 1 SYSTEMPATH\Test\FeatureTestTrait.php(168): trigger_error('Passing lowercase HTTP method "get" is deprecated. Use uppercase HTTP method like "GET".', 16384)
 2 ROOTPATH\tests\unit\SecurityAndDatabaseTest.php(55): SecurityAndDatabaseTest->call('get', 'user/dashboard')
 3 VENDORPATH\phpunit\phpunit\src\Framework\TestCase.php(1188): SecurityAndDatabaseTest->testAuthFiltersRedirect()
 4 VENDORPATH\phpunit\phpunit\src\Framework\TestCase.php(686): PHPUnit\Framework\TestCase->runTest()
 5 VENDORPATH\phpunit\phpunit\src\Framework\TestRunner.php(105): PHPUnit\Framework\TestCase->runBare()
 6 VENDORPATH\phpunit\phpunit\src\Framework\TestCase.php(516): PHPUnit\Framework\TestRunner->run(Object(SecurityAndDatabaseTest))
 7 VENDORPATH\phpunit\phpunit\src\Framework\TestSuite.php(374): PHPUnit\Framework\TestCase->run()
 8 VENDORPATH\phpunit\phpunit\src\Framework\TestSuite.php(374): PHPUnit\Framework\TestSuite->run()
 9 VENDORPATH\phpunit\phpunit\src\Framework\TestSuite.php(374): PHPUnit\Framework\TestSuite->run()
10 VENDORPATH\phpunit\phpunit\src\TextUI\TestRunner.php(64): PHPUnit\Framework\TestSuite->run()
11 VENDORPATH\phpunit\phpunit\src\TextUI\Application.php(203): PHPUnit\TextUI\TestRunner->run(Object(PHPUnit\TextUI\Configuration\Configuration), Object(PHPUnit\Runner\ResultCache\DefaultResultCache), Object(PHPUnit\Framework\TestSuite))
12 VENDORPATH\phpunit\phpunit\phpunit(104): PHPUnit\TextUI\Application->run([...])
13 VENDORPATH\bin\phpunit(122): include('C:\\xampp\\htdocs\\quizTv\\vendor\\phpunit\\phpunit\\phpunit')
WARNING - 2026-07-19 18:26:21 --> [DEPRECATED] Passing lowercase HTTP method "get" is deprecated. Use uppercase HTTP method like "GET". in SYSTEMPATH\Test\FeatureTestTrait.php on line 168.
 1 SYSTEMPATH\Test\FeatureTestTrait.php(168): trigger_error('Passing lowercase HTTP method "get" is deprecated. Use uppercase HTTP method like "GET".', 16384)
 2 ROOTPATH\tests\unit\SecurityAndDatabaseTest.php(59): SecurityAndDatabaseTest->call('get', 'admin')
 3 VENDORPATH\phpunit\phpunit\src\Framework\TestCase.php(1188): SecurityAndDatabaseTest->testAuthFiltersRedirect()
 4 VENDORPATH\phpunit\phpunit\src\Framework\TestCase.php(686): PHPUnit\Framework\TestCase->runTest()
 5 VENDORPATH\phpunit\phpunit\src\Framework\TestRunner.php(105): PHPUnit\Framework\TestCase->runBare()
 6 VENDORPATH\phpunit\phpunit\src\Framework\TestCase.php(516): PHPUnit\Framework\TestRunner->run(Object(SecurityAndDatabaseTest))
 7 VENDORPATH\phpunit\phpunit\src\Framework\TestSuite.php(374): PHPUnit\Framework\TestCase->run()
 8 VENDORPATH\phpunit\phpunit\src\Framework\TestSuite.php(374): PHPUnit\Framework\TestSuite->run()
 9 VENDORPATH\phpunit\phpunit\src\Framework\TestSuite.php(374): PHPUnit\Framework\TestSuite->run()
10 VENDORPATH\phpunit\phpunit\src\TextUI\TestRunner.php(64): PHPUnit\Framework\TestSuite->run()
11 VENDORPATH\phpunit\phpunit\src\TextUI\Application.php(203): PHPUnit\TextUI\TestRunner->run(Object(PHPUnit\TextUI\Configuration\Configuration), Object(PHPUnit\Runner\ResultCache\DefaultResultCache), Object(PHPUnit\Framework\TestSuite))
12 VENDORPATH\phpunit\phpunit\phpunit(104): PHPUnit\TextUI\Application->run([...])
13 VENDORPATH\bin\phpunit(122): include('C:\\xampp\\htdocs\\quizTv\\vendor\\phpunit\\phpunit\\phpunit')
ERROR - 2026-07-19 18:26:22 --> mysqli_sql_exception: Table 'quiztv.ad_settings' doesn't exist in C:\xampp\htdocs\quizTv\vendor\codeigniter4\framework\system\Database\MySQLi\Connection.php:327
Stack trace:
#0 C:\xampp\htdocs\quizTv\vendor\codeigniter4\framework\system\Database\MySQLi\Connection.php(327): mysqli->query('SELECT *\nFROM `...', 0)
#1 C:\xampp\htdocs\quizTv\vendor\codeigniter4\framework\system\Database\BaseConnection.php(738): CodeIgniter\Database\MySQLi\Connection->execute('SELECT *\nFROM `...')
#2 C:\xampp\htdocs\quizTv\vendor\codeigniter4\framework\system\Database\BaseConnection.php(652): CodeIgniter\Database\BaseConnection->simpleQuery('SELECT *\nFROM `...')
#3 C:\xampp\htdocs\quizTv\vendor\codeigniter4\framework\system\Database\BaseBuilder.php(1649): CodeIgniter\Database\BaseConnection->query('SELECT *\nFROM `...', Array, false)
#4 C:\xampp\htdocs\quizTv\vendor\codeigniter4\framework\system\Model.php(286): CodeIgniter\Database\BaseBuilder->get()
#5 C:\xampp\htdocs\quizTv\vendor\codeigniter4\framework\system\BaseModel.php(675): CodeIgniter\Model->doFindAll(0, 0)
#6 C:\xampp\htdocs\quizTv\app\Models\AdSettingModel.php(71): CodeIgniter\BaseModel->findAll()
#7 C:\xampp\htdocs\quizTv\app\Models\AdSettingModel.php(87): App\Models\AdSettingModel->getAllSettings()
#8 C:\xampp\htdocs\quizTv\tests\unit\SecurityAndDatabaseTest.php(90): App\Models\AdSettingModel->getAdConfig()
#9 C:\xampp\htdocs\quizTv\vendor\phpunit\phpunit\src\Framework\TestCase.php(1188): SecurityAndDatabaseTest->testAdSettingsStructure()
#10 C:\xampp\htdocs\quizTv\vendor\phpunit\phpunit\src\Framework\TestCase.php(686): PHPUnit\Framework\TestCase->runTest()
#11 C:\xampp\htdocs\quizTv\vendor\phpunit\phpunit\src\Framework\TestRunner.php(105): PHPUnit\Framework\TestCase->runBare()
#12 C:\xampp\htdocs\quizTv\vendor\phpunit\phpunit\src\Framework\TestCase.php(516): PHPUnit\Framework\TestRunner->run(Object(SecurityAndDatabaseTest))
#13 C:\xampp\htdocs\quizTv\vendor\phpunit\phpunit\src\Framework\TestSuite.php(374): PHPUnit\Framework\TestCase->run()
#14 C:\xampp\htdocs\quizTv\vendor\phpunit\phpunit\src\Framework\TestSuite.php(374): PHPUnit\Framework\TestSuite->run()
#15 C:\xampp\htdocs\quizTv\vendor\phpunit\phpunit\src\Framework\TestSuite.php(374): PHPUnit\Framework\TestSuite->run()
#16 C:\xampp\htdocs\quizTv\vendor\phpunit\phpunit\src\TextUI\TestRunner.php(64): PHPUnit\Framework\TestSuite->run()
#17 C:\xampp\htdocs\quizTv\vendor\phpunit\phpunit\src\TextUI\Application.php(203): PHPUnit\TextUI\TestRunner->run(Object(PHPUnit\TextUI\Configuration\Configuration), Object(PHPUnit\Runner\ResultCache\DefaultResultCache), Object(PHPUnit\Framework\TestSuite))
#18 C:\xampp\htdocs\quizTv\vendor\phpunit\phpunit\phpunit(104): PHPUnit\TextUI\Application->run(Array)
#19 C:\xampp\htdocs\quizTv\vendor\bin\phpunit(122): include('C:\\xampp\\htdocs...')
#20 {main}
WARNING - 2026-07-19 18:26:55 --> [DEPRECATED] Passing lowercase HTTP method "get" is deprecated. Use uppercase HTTP method like "GET". in SYSTEMPATH\Test\FeatureTestTrait.php on line 168.
 1 SYSTEMPATH\Test\FeatureTestTrait.php(168): trigger_error('Passing lowercase HTTP method "get" is deprecated. Use uppercase HTTP method like "GET".', 16384)
 2 ROOTPATH\tests\unit\ScriptSettingsTest.php(97): ScriptSettingsTest->call('get', 'admin/script-settings')
 3 VENDORPATH\phpunit\phpunit\src\Framework\TestCase.php(1188): ScriptSettingsTest->testScriptSettingsRoutesRegistered()
 4 VENDORPATH\phpunit\phpunit\src\Framework\TestCase.php(686): PHPUnit\Framework\TestCase->runTest()
 5 VENDORPATH\phpunit\phpunit\src\Framework\TestRunner.php(105): PHPUnit\Framework\TestCase->runBare()
 6 VENDORPATH\phpunit\phpunit\src\Framework\TestCase.php(516): PHPUnit\Framework\TestRunner->run(Object(ScriptSettingsTest))
 7 VENDORPATH\phpunit\phpunit\src\Framework\TestSuite.php(374): PHPUnit\Framework\TestCase->run()
 8 VENDORPATH\phpunit\phpunit\src\Framework\TestSuite.php(374): PHPUnit\Framework\TestSuite->run()
 9 VENDORPATH\phpunit\phpunit\src\Framework\TestSuite.php(374): PHPUnit\Framework\TestSuite->run()
10 VENDORPATH\phpunit\phpunit\src\TextUI\TestRunner.php(64): PHPUnit\Framework\TestSuite->run()
11 VENDORPATH\phpunit\phpunit\src\TextUI\Application.php(203): PHPUnit\TextUI\TestRunner->run(Object(PHPUnit\TextUI\Configuration\Configuration), Object(PHPUnit\Runner\ResultCache\DefaultResultCache), Object(PHPUnit\Framework\TestSuite))
12 VENDORPATH\phpunit\phpunit\phpunit(104): PHPUnit\TextUI\Application->run([...])
13 VENDORPATH\bin\phpunit(122): include('C:\\xampp\\htdocs\\quizTv\\vendor\\phpunit\\phpunit\\phpunit')
WARNING - 2026-07-19 18:26:55 --> [DEPRECATED] Passing lowercase HTTP method "post" is deprecated. Use uppercase HTTP method like "POST". in SYSTEMPATH\Test\FeatureTestTrait.php on line 168.
 1 SYSTEMPATH\Test\FeatureTestTrait.php(168): trigger_error('Passing lowercase HTTP method "post" is deprecated. Use uppercase HTTP method like "POST".', 16384)
 2 ROOTPATH\tests\unit\ScriptSettingsTest.php(100): ScriptSettingsTest->call('post', 'admin/script-settings/update')
 3 VENDORPATH\phpunit\phpunit\src\Framework\TestCase.php(1188): ScriptSettingsTest->testScriptSettingsRoutesRegistered()
 4 VENDORPATH\phpunit\phpunit\src\Framework\TestCase.php(686): PHPUnit\Framework\TestCase->runTest()
 5 VENDORPATH\phpunit\phpunit\src\Framework\TestRunner.php(105): PHPUnit\Framework\TestCase->runBare()
 6 VENDORPATH\phpunit\phpunit\src\Framework\TestCase.php(516): PHPUnit\Framework\TestRunner->run(Object(ScriptSettingsTest))
 7 VENDORPATH\phpunit\phpunit\src\Framework\TestSuite.php(374): PHPUnit\Framework\TestCase->run()
 8 VENDORPATH\phpunit\phpunit\src\Framework\TestSuite.php(374): PHPUnit\Framework\TestSuite->run()
 9 VENDORPATH\phpunit\phpunit\src\Framework\TestSuite.php(374): PHPUnit\Framework\TestSuite->run()
10 VENDORPATH\phpunit\phpunit\src\TextUI\TestRunner.php(64): PHPUnit\Framework\TestSuite->run()
11 VENDORPATH\phpunit\phpunit\src\TextUI\Application.php(203): PHPUnit\TextUI\TestRunner->run(Object(PHPUnit\TextUI\Configuration\Configuration), Object(PHPUnit\Runner\ResultCache\DefaultResultCache), Object(PHPUnit\Framework\TestSuite))
12 VENDORPATH\phpunit\phpunit\phpunit(104): PHPUnit\TextUI\Application->run([...])
13 VENDORPATH\bin\phpunit(122): include('C:\\xampp\\htdocs\\quizTv\\vendor\\phpunit\\phpunit\\phpunit')
WARNING - 2026-07-19 18:26:58 --> [DEPRECATED] Passing lowercase HTTP method "get" is deprecated. Use uppercase HTTP method like "GET". in SYSTEMPATH\Test\FeatureTestTrait.php on line 168.
 1 SYSTEMPATH\Test\FeatureTestTrait.php(168): trigger_error('Passing lowercase HTTP method "get" is deprecated. Use uppercase HTTP method like "GET".', 16384)
 2 ROOTPATH\tests\unit\SecurityAndDatabaseTest.php(59): SecurityAndDatabaseTest->call('get', 'user/dashboard')
 3 VENDORPATH\phpunit\phpunit\src\Framework\TestCase.php(1188): SecurityAndDatabaseTest->testAuthFiltersRedirect()
 4 VENDORPATH\phpunit\phpunit\src\Framework\TestCase.php(686): PHPUnit\Framework\TestCase->runTest()
 5 VENDORPATH\phpunit\phpunit\src\Framework\TestRunner.php(105): PHPUnit\Framework\TestCase->runBare()
 6 VENDORPATH\phpunit\phpunit\src\Framework\TestCase.php(516): PHPUnit\Framework\TestRunner->run(Object(SecurityAndDatabaseTest))
 7 VENDORPATH\phpunit\phpunit\src\Framework\TestSuite.php(374): PHPUnit\Framework\TestCase->run()
 8 VENDORPATH\phpunit\phpunit\src\Framework\TestSuite.php(374): PHPUnit\Framework\TestSuite->run()
 9 VENDORPATH\phpunit\phpunit\src\Framework\TestSuite.php(374): PHPUnit\Framework\TestSuite->run()
10 VENDORPATH\phpunit\phpunit\src\TextUI\TestRunner.php(64): PHPUnit\Framework\TestSuite->run()
11 VENDORPATH\phpunit\phpunit\src\TextUI\Application.php(203): PHPUnit\TextUI\TestRunner->run(Object(PHPUnit\TextUI\Configuration\Configuration), Object(PHPUnit\Runner\ResultCache\DefaultResultCache), Object(PHPUnit\Framework\TestSuite))
12 VENDORPATH\phpunit\phpunit\phpunit(104): PHPUnit\TextUI\Application->run([...])
13 VENDORPATH\bin\phpunit(122): include('C:\\xampp\\htdocs\\quizTv\\vendor\\phpunit\\phpunit\\phpunit')
WARNING - 2026-07-19 18:26:58 --> [DEPRECATED] Passing lowercase HTTP method "get" is deprecated. Use uppercase HTTP method like "GET". in SYSTEMPATH\Test\FeatureTestTrait.php on line 168.
 1 SYSTEMPATH\Test\FeatureTestTrait.php(168): trigger_error('Passing lowercase HTTP method "get" is deprecated. Use uppercase HTTP method like "GET".', 16384)
 2 ROOTPATH\tests\unit\SecurityAndDatabaseTest.php(63): SecurityAndDatabaseTest->call('get', 'admin')
 3 VENDORPATH\phpunit\phpunit\src\Framework\TestCase.php(1188): SecurityAndDatabaseTest->testAuthFiltersRedirect()
 4 VENDORPATH\phpunit\phpunit\src\Framework\TestCase.php(686): PHPUnit\Framework\TestCase->runTest()
 5 VENDORPATH\phpunit\phpunit\src\Framework\TestRunner.php(105): PHPUnit\Framework\TestCase->runBare()
 6 VENDORPATH\phpunit\phpunit\src\Framework\TestCase.php(516): PHPUnit\Framework\TestRunner->run(Object(SecurityAndDatabaseTest))
 7 VENDORPATH\phpunit\phpunit\src\Framework\TestSuite.php(374): PHPUnit\Framework\TestCase->run()
 8 VENDORPATH\phpunit\phpunit\src\Framework\TestSuite.php(374): PHPUnit\Framework\TestSuite->run()
 9 VENDORPATH\phpunit\phpunit\src\Framework\TestSuite.php(374): PHPUnit\Framework\TestSuite->run()
10 VENDORPATH\phpunit\phpunit\src\TextUI\TestRunner.php(64): PHPUnit\Framework\TestSuite->run()
11 VENDORPATH\phpunit\phpunit\src\TextUI\Application.php(203): PHPUnit\TextUI\TestRunner->run(Object(PHPUnit\TextUI\Configuration\Configuration), Object(PHPUnit\Runner\ResultCache\DefaultResultCache), Object(PHPUnit\Framework\TestSuite))
12 VENDORPATH\phpunit\phpunit\phpunit(104): PHPUnit\TextUI\Application->run([...])
13 VENDORPATH\bin\phpunit(122): include('C:\\xampp\\htdocs\\quizTv\\vendor\\phpunit\\phpunit\\phpunit')
WARNING - 2026-07-19 18:40:42 --> [DEPRECATED] Passing lowercase HTTP method "get" is deprecated. Use uppercase HTTP method like "GET". in SYSTEMPATH\Test\FeatureTestTrait.php on line 168.
 1 SYSTEMPATH\Test\FeatureTestTrait.php(168): trigger_error('Passing lowercase HTTP method "get" is deprecated. Use uppercase HTTP method like "GET".', 16384)
 2 ROOTPATH\tests\unit\ScriptSettingsTest.php(97): ScriptSettingsTest->call('get', 'admin/script-settings')
 3 VENDORPATH\phpunit\phpunit\src\Framework\TestCase.php(1188): ScriptSettingsTest->testScriptSettingsRoutesRegistered()
 4 VENDORPATH\phpunit\phpunit\src\Framework\TestCase.php(686): PHPUnit\Framework\TestCase->runTest()
 5 VENDORPATH\phpunit\phpunit\src\Framework\TestRunner.php(105): PHPUnit\Framework\TestCase->runBare()
 6 VENDORPATH\phpunit\phpunit\src\Framework\TestCase.php(516): PHPUnit\Framework\TestRunner->run(Object(ScriptSettingsTest))
 7 VENDORPATH\phpunit\phpunit\src\Framework\TestSuite.php(374): PHPUnit\Framework\TestCase->run()
 8 VENDORPATH\phpunit\phpunit\src\Framework\TestSuite.php(374): PHPUnit\Framework\TestSuite->run()
 9 VENDORPATH\phpunit\phpunit\src\Framework\TestSuite.php(374): PHPUnit\Framework\TestSuite->run()
10 VENDORPATH\phpunit\phpunit\src\TextUI\TestRunner.php(64): PHPUnit\Framework\TestSuite->run()
11 VENDORPATH\phpunit\phpunit\src\TextUI\Application.php(203): PHPUnit\TextUI\TestRunner->run(Object(PHPUnit\TextUI\Configuration\Configuration), Object(PHPUnit\Runner\ResultCache\DefaultResultCache), Object(PHPUnit\Framework\TestSuite))
12 VENDORPATH\phpunit\phpunit\phpunit(104): PHPUnit\TextUI\Application->run([...])
13 VENDORPATH\bin\phpunit(122): include('C:\\xampp\\htdocs\\quizTv\\vendor\\phpunit\\phpunit\\phpunit')
WARNING - 2026-07-19 18:40:42 --> [DEPRECATED] Passing lowercase HTTP method "post" is deprecated. Use uppercase HTTP method like "POST". in SYSTEMPATH\Test\FeatureTestTrait.php on line 168.
 1 SYSTEMPATH\Test\FeatureTestTrait.php(168): trigger_error('Passing lowercase HTTP method "post" is deprecated. Use uppercase HTTP method like "POST".', 16384)
 2 ROOTPATH\tests\unit\ScriptSettingsTest.php(100): ScriptSettingsTest->call('post', 'admin/script-settings/update')
 3 VENDORPATH\phpunit\phpunit\src\Framework\TestCase.php(1188): ScriptSettingsTest->testScriptSettingsRoutesRegistered()
 4 VENDORPATH\phpunit\phpunit\src\Framework\TestCase.php(686): PHPUnit\Framework\TestCase->runTest()
 5 VENDORPATH\phpunit\phpunit\src\Framework\TestRunner.php(105): PHPUnit\Framework\TestCase->runBare()
 6 VENDORPATH\phpunit\phpunit\src\Framework\TestCase.php(516): PHPUnit\Framework\TestRunner->run(Object(ScriptSettingsTest))
 7 VENDORPATH\phpunit\phpunit\src\Framework\TestSuite.php(374): PHPUnit\Framework\TestCase->run()
 8 VENDORPATH\phpunit\phpunit\src\Framework\TestSuite.php(374): PHPUnit\Framework\TestSuite->run()
 9 VENDORPATH\phpunit\phpunit\src\Framework\TestSuite.php(374): PHPUnit\Framework\TestSuite->run()
10 VENDORPATH\phpunit\phpunit\src\TextUI\TestRunner.php(64): PHPUnit\Framework\TestSuite->run()
11 VENDORPATH\phpunit\phpunit\src\TextUI\Application.php(203): PHPUnit\TextUI\TestRunner->run(Object(PHPUnit\TextUI\Configuration\Configuration), Object(PHPUnit\Runner\ResultCache\DefaultResultCache), Object(PHPUnit\Framework\TestSuite))
12 VENDORPATH\phpunit\phpunit\phpunit(104): PHPUnit\TextUI\Application->run([...])
13 VENDORPATH\bin\phpunit(122): include('C:\\xampp\\htdocs\\quizTv\\vendor\\phpunit\\phpunit\\phpunit')
WARNING - 2026-07-19 18:40:48 --> [DEPRECATED] Passing lowercase HTTP method "get" is deprecated. Use uppercase HTTP method like "GET". in SYSTEMPATH\Test\FeatureTestTrait.php on line 168.
 1 SYSTEMPATH\Test\FeatureTestTrait.php(168): trigger_error('Passing lowercase HTTP method "get" is deprecated. Use uppercase HTTP method like "GET".', 16384)
 2 ROOTPATH\tests\unit\SecurityAndDatabaseTest.php(59): SecurityAndDatabaseTest->call('get', 'user/dashboard')
 3 VENDORPATH\phpunit\phpunit\src\Framework\TestCase.php(1188): SecurityAndDatabaseTest->testAuthFiltersRedirect()
 4 VENDORPATH\phpunit\phpunit\src\Framework\TestCase.php(686): PHPUnit\Framework\TestCase->runTest()
 5 VENDORPATH\phpunit\phpunit\src\Framework\TestRunner.php(105): PHPUnit\Framework\TestCase->runBare()
 6 VENDORPATH\phpunit\phpunit\src\Framework\TestCase.php(516): PHPUnit\Framework\TestRunner->run(Object(SecurityAndDatabaseTest))
 7 VENDORPATH\phpunit\phpunit\src\Framework\TestSuite.php(374): PHPUnit\Framework\TestCase->run()
 8 VENDORPATH\phpunit\phpunit\src\Framework\TestSuite.php(374): PHPUnit\Framework\TestSuite->run()
 9 VENDORPATH\phpunit\phpunit\src\Framework\TestSuite.php(374): PHPUnit\Framework\TestSuite->run()
10 VENDORPATH\phpunit\phpunit\src\TextUI\TestRunner.php(64): PHPUnit\Framework\TestSuite->run()
11 VENDORPATH\phpunit\phpunit\src\TextUI\Application.php(203): PHPUnit\TextUI\TestRunner->run(Object(PHPUnit\TextUI\Configuration\Configuration), Object(PHPUnit\Runner\ResultCache\DefaultResultCache), Object(PHPUnit\Framework\TestSuite))
12 VENDORPATH\phpunit\phpunit\phpunit(104): PHPUnit\TextUI\Application->run([...])
13 VENDORPATH\bin\phpunit(122): include('C:\\xampp\\htdocs\\quizTv\\vendor\\phpunit\\phpunit\\phpunit')
WARNING - 2026-07-19 18:40:48 --> [DEPRECATED] Passing lowercase HTTP method "get" is deprecated. Use uppercase HTTP method like "GET". in SYSTEMPATH\Test\FeatureTestTrait.php on line 168.
 1 SYSTEMPATH\Test\FeatureTestTrait.php(168): trigger_error('Passing lowercase HTTP method "get" is deprecated. Use uppercase HTTP method like "GET".', 16384)
 2 ROOTPATH\tests\unit\SecurityAndDatabaseTest.php(63): SecurityAndDatabaseTest->call('get', 'admin')
 3 VENDORPATH\phpunit\phpunit\src\Framework\TestCase.php(1188): SecurityAndDatabaseTest->testAuthFiltersRedirect()
 4 VENDORPATH\phpunit\phpunit\src\Framework\TestCase.php(686): PHPUnit\Framework\TestCase->runTest()
 5 VENDORPATH\phpunit\phpunit\src\Framework\TestRunner.php(105): PHPUnit\Framework\TestCase->runBare()
 6 VENDORPATH\phpunit\phpunit\src\Framework\TestCase.php(516): PHPUnit\Framework\TestRunner->run(Object(SecurityAndDatabaseTest))
 7 VENDORPATH\phpunit\phpunit\src\Framework\TestSuite.php(374): PHPUnit\Framework\TestCase->run()
 8 VENDORPATH\phpunit\phpunit\src\Framework\TestSuite.php(374): PHPUnit\Framework\TestSuite->run()
 9 VENDORPATH\phpunit\phpunit\src\Framework\TestSuite.php(374): PHPUnit\Framework\TestSuite->run()
10 VENDORPATH\phpunit\phpunit\src\TextUI\TestRunner.php(64): PHPUnit\Framework\TestSuite->run()
11 VENDORPATH\phpunit\phpunit\src\TextUI\Application.php(203): PHPUnit\TextUI\TestRunner->run(Object(PHPUnit\TextUI\Configuration\Configuration), Object(PHPUnit\Runner\ResultCache\DefaultResultCache), Object(PHPUnit\Framework\TestSuite))
12 VENDORPATH\phpunit\phpunit\phpunit(104): PHPUnit\TextUI\Application->run([...])
13 VENDORPATH\bin\phpunit(122): include('C:\\xampp\\htdocs\\quizTv\\vendor\\phpunit\\phpunit\\phpunit')
WARNING - 2026-07-19 18:41:37 --> [DEPRECATED] Passing lowercase HTTP method "get" is deprecated. Use uppercase HTTP method like "GET". in SYSTEMPATH\Test\FeatureTestTrait.php on line 168.
 1 SYSTEMPATH\Test\FeatureTestTrait.php(168): trigger_error('Passing lowercase HTTP method "get" is deprecated. Use uppercase HTTP method like "GET".', 16384)
 2 ROOTPATH\tests\unit\ScriptSettingsTest.php(97): ScriptSettingsTest->call('get', 'admin/script-settings')
 3 VENDORPATH\phpunit\phpunit\src\Framework\TestCase.php(1188): ScriptSettingsTest->testScriptSettingsRoutesRegistered()
 4 VENDORPATH\phpunit\phpunit\src\Framework\TestCase.php(686): PHPUnit\Framework\TestCase->runTest()
 5 VENDORPATH\phpunit\phpunit\src\Framework\TestRunner.php(105): PHPUnit\Framework\TestCase->runBare()
 6 VENDORPATH\phpunit\phpunit\src\Framework\TestCase.php(516): PHPUnit\Framework\TestRunner->run(Object(ScriptSettingsTest))
 7 VENDORPATH\phpunit\phpunit\src\Framework\TestSuite.php(374): PHPUnit\Framework\TestCase->run()
 8 VENDORPATH\phpunit\phpunit\src\Framework\TestSuite.php(374): PHPUnit\Framework\TestSuite->run()
 9 VENDORPATH\phpunit\phpunit\src\Framework\TestSuite.php(374): PHPUnit\Framework\TestSuite->run()
10 VENDORPATH\phpunit\phpunit\src\TextUI\TestRunner.php(64): PHPUnit\Framework\TestSuite->run()
11 VENDORPATH\phpunit\phpunit\src\TextUI\Application.php(203): PHPUnit\TextUI\TestRunner->run(Object(PHPUnit\TextUI\Configuration\Configuration), Object(PHPUnit\Runner\ResultCache\DefaultResultCache), Object(PHPUnit\Framework\TestSuite))
12 VENDORPATH\phpunit\phpunit\phpunit(104): PHPUnit\TextUI\Application->run([...])
13 VENDORPATH\bin\phpunit(122): include('C:\\xampp\\htdocs\\quizTv\\vendor\\phpunit\\phpunit\\phpunit')
WARNING - 2026-07-19 18:41:37 --> [DEPRECATED] Passing lowercase HTTP method "post" is deprecated. Use uppercase HTTP method like "POST". in SYSTEMPATH\Test\FeatureTestTrait.php on line 168.
 1 SYSTEMPATH\Test\FeatureTestTrait.php(168): trigger_error('Passing lowercase HTTP method "post" is deprecated. Use uppercase HTTP method like "POST".', 16384)
 2 ROOTPATH\tests\unit\ScriptSettingsTest.php(100): ScriptSettingsTest->call('post', 'admin/script-settings/update')
 3 VENDORPATH\phpunit\phpunit\src\Framework\TestCase.php(1188): ScriptSettingsTest->testScriptSettingsRoutesRegistered()
 4 VENDORPATH\phpunit\phpunit\src\Framework\TestCase.php(686): PHPUnit\Framework\TestCase->runTest()
 5 VENDORPATH\phpunit\phpunit\src\Framework\TestRunner.php(105): PHPUnit\Framework\TestCase->runBare()
 6 VENDORPATH\phpunit\phpunit\src\Framework\TestCase.php(516): PHPUnit\Framework\TestRunner->run(Object(ScriptSettingsTest))
 7 VENDORPATH\phpunit\phpunit\src\Framework\TestSuite.php(374): PHPUnit\Framework\TestCase->run()
 8 VENDORPATH\phpunit\phpunit\src\Framework\TestSuite.php(374): PHPUnit\Framework\TestSuite->run()
 9 VENDORPATH\phpunit\phpunit\src\Framework\TestSuite.php(374): PHPUnit\Framework\TestSuite->run()
10 VENDORPATH\phpunit\phpunit\src\TextUI\TestRunner.php(64): PHPUnit\Framework\TestSuite->run()
11 VENDORPATH\phpunit\phpunit\src\TextUI\Application.php(203): PHPUnit\TextUI\TestRunner->run(Object(PHPUnit\TextUI\Configuration\Configuration), Object(PHPUnit\Runner\ResultCache\DefaultResultCache), Object(PHPUnit\Framework\TestSuite))
12 VENDORPATH\phpunit\phpunit\phpunit(104): PHPUnit\TextUI\Application->run([...])
13 VENDORPATH\bin\phpunit(122): include('C:\\xampp\\htdocs\\quizTv\\vendor\\phpunit\\phpunit\\phpunit')
WARNING - 2026-07-19 18:41:43 --> [DEPRECATED] Passing lowercase HTTP method "get" is deprecated. Use uppercase HTTP method like "GET". in SYSTEMPATH\Test\FeatureTestTrait.php on line 168.
 1 SYSTEMPATH\Test\FeatureTestTrait.php(168): trigger_error('Passing lowercase HTTP method "get" is deprecated. Use uppercase HTTP method like "GET".', 16384)
 2 ROOTPATH\tests\unit\SecurityAndDatabaseTest.php(59): SecurityAndDatabaseTest->call('get', 'user/dashboard')
 3 VENDORPATH\phpunit\phpunit\src\Framework\TestCase.php(1188): SecurityAndDatabaseTest->testAuthFiltersRedirect()
 4 VENDORPATH\phpunit\phpunit\src\Framework\TestCase.php(686): PHPUnit\Framework\TestCase->runTest()
 5 VENDORPATH\phpunit\phpunit\src\Framework\TestRunner.php(105): PHPUnit\Framework\TestCase->runBare()
 6 VENDORPATH\phpunit\phpunit\src\Framework\TestCase.php(516): PHPUnit\Framework\TestRunner->run(Object(SecurityAndDatabaseTest))
 7 VENDORPATH\phpunit\phpunit\src\Framework\TestSuite.php(374): PHPUnit\Framework\TestCase->run()
 8 VENDORPATH\phpunit\phpunit\src\Framework\TestSuite.php(374): PHPUnit\Framework\TestSuite->run()
 9 VENDORPATH\phpunit\phpunit\src\Framework\TestSuite.php(374): PHPUnit\Framework\TestSuite->run()
10 VENDORPATH\phpunit\phpunit\src\TextUI\TestRunner.php(64): PHPUnit\Framework\TestSuite->run()
11 VENDORPATH\phpunit\phpunit\src\TextUI\Application.php(203): PHPUnit\TextUI\TestRunner->run(Object(PHPUnit\TextUI\Configuration\Configuration), Object(PHPUnit\Runner\ResultCache\DefaultResultCache), Object(PHPUnit\Framework\TestSuite))
12 VENDORPATH\phpunit\phpunit\phpunit(104): PHPUnit\TextUI\Application->run([...])
13 VENDORPATH\bin\phpunit(122): include('C:\\xampp\\htdocs\\quizTv\\vendor\\phpunit\\phpunit\\phpunit')
WARNING - 2026-07-19 18:41:43 --> [DEPRECATED] Passing lowercase HTTP method "get" is deprecated. Use uppercase HTTP method like "GET". in SYSTEMPATH\Test\FeatureTestTrait.php on line 168.
 1 SYSTEMPATH\Test\FeatureTestTrait.php(168): trigger_error('Passing lowercase HTTP method "get" is deprecated. Use uppercase HTTP method like "GET".', 16384)
 2 ROOTPATH\tests\unit\SecurityAndDatabaseTest.php(63): SecurityAndDatabaseTest->call('get', 'admin')
 3 VENDORPATH\phpunit\phpunit\src\Framework\TestCase.php(1188): SecurityAndDatabaseTest->testAuthFiltersRedirect()
 4 VENDORPATH\phpunit\phpunit\src\Framework\TestCase.php(686): PHPUnit\Framework\TestCase->runTest()
 5 VENDORPATH\phpunit\phpunit\src\Framework\TestRunner.php(105): PHPUnit\Framework\TestCase->runBare()
 6 VENDORPATH\phpunit\phpunit\src\Framework\TestCase.php(516): PHPUnit\Framework\TestRunner->run(Object(SecurityAndDatabaseTest))
 7 VENDORPATH\phpunit\phpunit\src\Framework\TestSuite.php(374): PHPUnit\Framework\TestCase->run()
 8 VENDORPATH\phpunit\phpunit\src\Framework\TestSuite.php(374): PHPUnit\Framework\TestSuite->run()
 9 VENDORPATH\phpunit\phpunit\src\Framework\TestSuite.php(374): PHPUnit\Framework\TestSuite->run()
10 VENDORPATH\phpunit\phpunit\src\TextUI\TestRunner.php(64): PHPUnit\Framework\TestSuite->run()
11 VENDORPATH\phpunit\phpunit\src\TextUI\Application.php(203): PHPUnit\TextUI\TestRunner->run(Object(PHPUnit\TextUI\Configuration\Configuration), Object(PHPUnit\Runner\ResultCache\DefaultResultCache), Object(PHPUnit\Framework\TestSuite))
12 VENDORPATH\phpunit\phpunit\phpunit(104): PHPUnit\TextUI\Application->run([...])
13 VENDORPATH\bin\phpunit(122): include('C:\\xampp\\htdocs\\quizTv\\vendor\\phpunit\\phpunit\\phpunit')
ERROR - 2026-07-19 15:20:31 --> DEBUG ads.txt check: enabled = "1", content = "advdfgth"
ERROR - 2026-07-19 18:52:46 --> DEBUG ads.txt check: enabled = "1", content = "advdfgth"
ERROR - 2026-07-19 18:56:55 --> DEBUG ads.txt check: enabled = "1", content = "advdfgth"
ERROR - 2026-07-19 18:57:51 --> mysqli_sql_exception: Unknown column 'quiz_attempts.lead_name' in 'field list' in C:\xampp\htdocs\quizTv\vendor\codeigniter4\framework\system\Database\MySQLi\Connection.php:327
Stack trace:
#0 C:\xampp\htdocs\quizTv\vendor\codeigniter4\framework\system\Database\MySQLi\Connection.php(327): mysqli->query('SELECT `quiz_at...', 0)
#1 C:\xampp\htdocs\quizTv\vendor\codeigniter4\framework\system\Database\BaseConnection.php(738): CodeIgniter\Database\MySQLi\Connection->execute('SELECT `quiz_at...')
#2 C:\xampp\htdocs\quizTv\vendor\codeigniter4\framework\system\Database\BaseConnection.php(652): CodeIgniter\Database\BaseConnection->simpleQuery('SELECT `quiz_at...')
#3 C:\xampp\htdocs\quizTv\vendor\codeigniter4\framework\system\Database\BaseBuilder.php(1649): CodeIgniter\Database\BaseConnection->query('SELECT `quiz_at...', Array, false)
#4 C:\xampp\htdocs\quizTv\app\Controllers\Admin\PlayerController.php(27): CodeIgniter\Database\BaseBuilder->get()
#5 C:\xampp\htdocs\quizTv\vendor\codeigniter4\framework\system\CodeIgniter.php(933): App\Controllers\Admin\PlayerController->index()
#6 C:\xampp\htdocs\quizTv\vendor\codeigniter4\framework\system\CodeIgniter.php(507): CodeIgniter\CodeIgniter->runController(Object(App\Controllers\Admin\PlayerController))
#7 C:\xampp\htdocs\quizTv\vendor\codeigniter4\framework\system\CodeIgniter.php(354): CodeIgniter\CodeIgniter->handleRequest(NULL, Object(Config\Cache), false)
#8 C:\xampp\htdocs\quizTv\vendor\codeigniter4\framework\system\Boot.php(334): CodeIgniter\CodeIgniter->run()
#9 C:\xampp\htdocs\quizTv\vendor\codeigniter4\framework\system\Boot.php(67): CodeIgniter\Boot::runCodeIgniter(Object(CodeIgniter\CodeIgniter))
#10 C:\xampp\htdocs\quizTv\index.php(56): CodeIgniter\Boot::bootWeb(Object(Config\Paths))
#11 {main}
CRITICAL - 2026-07-19 18:57:51 --> CodeIgniter\Database\Exceptions\DatabaseException: Unknown column 'quiz_attempts.lead_name' in 'field list'
[Method: GET, Route: admin/players]
in SYSTEMPATH\Database\BaseConnection.php on line 692.
 1 SYSTEMPATH\Database\BaseBuilder.php(1649): CodeIgniter\Database\BaseConnection->query('SELECT `quiz_attempts`.`id`, `quiz_attempts`.`lead_name`, `quiz_attempts`.`lead_email`, `quiz_attempts`.`lead_phone`, `quiz_attempts`.`created_at`, `quizzes`.`title` as `quiz_title`
FROM `quiz_attempts`
LEFT JOIN `quizzes` ON `quizzes`.`id` = `quiz_attempts`.`quiz_id`
WHERE `quiz_attempts`.`lead_name` IS NOT NULL
AND `quiz_attempts`.`lead_name` != :quiz_attempts.lead_name:
ORDER BY `quiz_attempts`.`created_at` DESC', [...], false)
 2 APPPATH\Controllers\Admin\PlayerController.php(27): CodeIgniter\Database\BaseBuilder->get()
 3 SYSTEMPATH\CodeIgniter.php(933): App\Controllers\Admin\PlayerController->index()
 4 SYSTEMPATH\CodeIgniter.php(507): CodeIgniter\CodeIgniter->runController(Object(App\Controllers\Admin\PlayerController))
 5 SYSTEMPATH\CodeIgniter.php(354): CodeIgniter\CodeIgniter->handleRequest(null, Object(Config\Cache), false)
 6 SYSTEMPATH\Boot.php(334): CodeIgniter\CodeIgniter->run()
 7 SYSTEMPATH\Boot.php(67): CodeIgniter\Boot::runCodeIgniter(Object(CodeIgniter\CodeIgniter))
 8 FCPATH\index.php(56): CodeIgniter\Boot::bootWeb(Object(Config\Paths))
CRITICAL - 2026-07-19 18:57:51 --> [Caused by] CodeIgniter\Database\Exceptions\DatabaseException: Unknown column 'quiz_attempts.lead_name' in 'field list'
in SYSTEMPATH\Database\MySQLi\Connection.php on line 332.
 1 SYSTEMPATH\Database\BaseConnection.php(738): CodeIgniter\Database\MySQLi\Connection->execute('SELECT `quiz_attempts`.`id`, `quiz_attempts`.`lead_name`, `quiz_attempts`.`lead_email`, `quiz_attempts`.`lead_phone`, `quiz_attempts`.`created_at`, `quizzes`.`title` as `quiz_title`
FROM `quiz_attempts`
LEFT JOIN `quizzes` ON `quizzes`.`id` = `quiz_attempts`.`quiz_id`
WHERE `quiz_attempts`.`lead_name` IS NOT NULL
AND `quiz_attempts`.`lead_name` != \'\'
ORDER BY `quiz_attempts`.`created_at` DESC')
 2 SYSTEMPATH\Database\BaseConnection.php(652): CodeIgniter\Database\BaseConnection->simpleQuery('SELECT `quiz_attempts`.`id`, `quiz_attempts`.`lead_name`, `quiz_attempts`.`lead_email`, `quiz_attempts`.`lead_phone`, `quiz_attempts`.`created_at`, `quizzes`.`title` as `quiz_title`
FROM `quiz_attempts`
LEFT JOIN `quizzes` ON `quizzes`.`id` = `quiz_attempts`.`quiz_id`
WHERE `quiz_attempts`.`lead_name` IS NOT NULL
AND `quiz_attempts`.`lead_name` != \'\'
ORDER BY `quiz_attempts`.`created_at` DESC')
 3 SYSTEMPATH\Database\BaseBuilder.php(1649): CodeIgniter\Database\BaseConnection->query('SELECT `quiz_attempts`.`id`, `quiz_attempts`.`lead_name`, `quiz_attempts`.`lead_email`, `quiz_attempts`.`lead_phone`, `quiz_attempts`.`created_at`, `quizzes`.`title` as `quiz_title`
FROM `quiz_attempts`
LEFT JOIN `quizzes` ON `quizzes`.`id` = `quiz_attempts`.`quiz_id`
WHERE `quiz_attempts`.`lead_name` IS NOT NULL
AND `quiz_attempts`.`lead_name` != :quiz_attempts.lead_name:
ORDER BY `quiz_attempts`.`created_at` DESC', [...], false)
 4 APPPATH\Controllers\Admin\PlayerController.php(27): CodeIgniter\Database\BaseBuilder->get()
 5 SYSTEMPATH\CodeIgniter.php(933): App\Controllers\Admin\PlayerController->index()
 6 SYSTEMPATH\CodeIgniter.php(507): CodeIgniter\CodeIgniter->runController(Object(App\Controllers\Admin\PlayerController))
 7 SYSTEMPATH\CodeIgniter.php(354): CodeIgniter\CodeIgniter->handleRequest(null, Object(Config\Cache), false)
 8 SYSTEMPATH\Boot.php(334): CodeIgniter\CodeIgniter->run()
 9 SYSTEMPATH\Boot.php(67): CodeIgniter\Boot::runCodeIgniter(Object(CodeIgniter\CodeIgniter))
10 FCPATH\index.php(56): CodeIgniter\Boot::bootWeb(Object(Config\Paths))
CRITICAL - 2026-07-19 18:57:51 --> [Caused by] mysqli_sql_exception: Unknown column 'quiz_attempts.lead_name' in 'field list'
in SYSTEMPATH\Database\MySQLi\Connection.php on line 327.
 1 SYSTEMPATH\Database\MySQLi\Connection.php(327): mysqli->query('SELECT `quiz_attempts`.`id`, `quiz_attempts`.`lead_name`, `quiz_attempts`.`lead_email`, `quiz_attempts`.`lead_phone`, `quiz_attempts`.`created_at`, `quizzes`.`title` as `quiz_title`
FROM `quiz_attempts`
LEFT JOIN `quizzes` ON `quizzes`.`id` = `quiz_attempts`.`quiz_id`
WHERE `quiz_attempts`.`lead_name` IS NOT NULL
AND `quiz_attempts`.`lead_name` != \'\'
ORDER BY `quiz_attempts`.`created_at` DESC', 0)
 2 SYSTEMPATH\Database\BaseConnection.php(738): CodeIgniter\Database\MySQLi\Connection->execute('SELECT `quiz_attempts`.`id`, `quiz_attempts`.`lead_name`, `quiz_attempts`.`lead_email`, `quiz_attempts`.`lead_phone`, `quiz_attempts`.`created_at`, `quizzes`.`title` as `quiz_title`
FROM `quiz_attempts`
LEFT JOIN `quizzes` ON `quizzes`.`id` = `quiz_attempts`.`quiz_id`
WHERE `quiz_attempts`.`lead_name` IS NOT NULL
AND `quiz_attempts`.`lead_name` != \'\'
ORDER BY `quiz_attempts`.`created_at` DESC')
 3 SYSTEMPATH\Database\BaseConnection.php(652): CodeIgniter\Database\BaseConnection->simpleQuery('SELECT `quiz_attempts`.`id`, `quiz_attempts`.`lead_name`, `quiz_attempts`.`lead_email`, `quiz_attempts`.`lead_phone`, `quiz_attempts`.`created_at`, `quizzes`.`title` as `quiz_title`
FROM `quiz_attempts`
LEFT JOIN `quizzes` ON `quizzes`.`id` = `quiz_attempts`.`quiz_id`
WHERE `quiz_attempts`.`lead_name` IS NOT NULL
AND `quiz_attempts`.`lead_name` != \'\'
ORDER BY `quiz_attempts`.`created_at` DESC')
 4 SYSTEMPATH\Database\BaseBuilder.php(1649): CodeIgniter\Database\BaseConnection->query('SELECT `quiz_attempts`.`id`, `quiz_attempts`.`lead_name`, `quiz_attempts`.`lead_email`, `quiz_attempts`.`lead_phone`, `quiz_attempts`.`created_at`, `quizzes`.`title` as `quiz_title`
FROM `quiz_attempts`
LEFT JOIN `quizzes` ON `quizzes`.`id` = `quiz_attempts`.`quiz_id`
WHERE `quiz_attempts`.`lead_name` IS NOT NULL
AND `quiz_attempts`.`lead_name` != :quiz_attempts.lead_name:
ORDER BY `quiz_attempts`.`created_at` DESC', [...], false)
 5 APPPATH\Controllers\Admin\PlayerController.php(27): CodeIgniter\Database\BaseBuilder->get()
 6 SYSTEMPATH\CodeIgniter.php(933): App\Controllers\Admin\PlayerController->index()
 7 SYSTEMPATH\CodeIgniter.php(507): CodeIgniter\CodeIgniter->runController(Object(App\Controllers\Admin\PlayerController))
 8 SYSTEMPATH\CodeIgniter.php(354): CodeIgniter\CodeIgniter->handleRequest(null, Object(Config\Cache), false)
 9 SYSTEMPATH\Boot.php(334): CodeIgniter\CodeIgniter->run()
10 SYSTEMPATH\Boot.php(67): CodeIgniter\Boot::runCodeIgniter(Object(CodeIgniter\CodeIgniter))
11 FCPATH\index.php(56): CodeIgniter\Boot::bootWeb(Object(Config\Paths))
ERROR - 2026-07-19 18:57:57 --> mysqli_sql_exception: Unknown column 'quiz_attempts.lead_name' in 'field list' in C:\xampp\htdocs\quizTv\vendor\codeigniter4\framework\system\Database\MySQLi\Connection.php:327
Stack trace:
#0 C:\xampp\htdocs\quizTv\vendor\codeigniter4\framework\system\Database\MySQLi\Connection.php(327): mysqli->query('SELECT `quiz_at...', 0)
#1 C:\xampp\htdocs\quizTv\vendor\codeigniter4\framework\system\Database\BaseConnection.php(738): CodeIgniter\Database\MySQLi\Connection->execute('SELECT `quiz_at...')
#2 C:\xampp\htdocs\quizTv\vendor\codeigniter4\framework\system\Database\BaseConnection.php(652): CodeIgniter\Database\BaseConnection->simpleQuery('SELECT `quiz_at...')
#3 C:\xampp\htdocs\quizTv\vendor\codeigniter4\framework\system\Database\BaseBuilder.php(1649): CodeIgniter\Database\BaseConnection->query('SELECT `quiz_at...', Array, false)
#4 C:\xampp\htdocs\quizTv\app\Controllers\Admin\PlayerController.php(27): CodeIgniter\Database\BaseBuilder->get()
#5 C:\xampp\htdocs\quizTv\vendor\codeigniter4\framework\system\CodeIgniter.php(933): App\Controllers\Admin\PlayerController->index()
#6 C:\xampp\htdocs\quizTv\vendor\codeigniter4\framework\system\CodeIgniter.php(507): CodeIgniter\CodeIgniter->runController(Object(App\Controllers\Admin\PlayerController))
#7 C:\xampp\htdocs\quizTv\vendor\codeigniter4\framework\system\CodeIgniter.php(354): CodeIgniter\CodeIgniter->handleRequest(NULL, Object(Config\Cache), false)
#8 C:\xampp\htdocs\quizTv\vendor\codeigniter4\framework\system\Boot.php(334): CodeIgniter\CodeIgniter->run()
#9 C:\xampp\htdocs\quizTv\vendor\codeigniter4\framework\system\Boot.php(67): CodeIgniter\Boot::runCodeIgniter(Object(CodeIgniter\CodeIgniter))
#10 C:\xampp\htdocs\quizTv\index.php(56): CodeIgniter\Boot::bootWeb(Object(Config\Paths))
#11 {main}
CRITICAL - 2026-07-19 18:57:57 --> CodeIgniter\Database\Exceptions\DatabaseException: Unknown column 'quiz_attempts.lead_name' in 'field list'
[Method: GET, Route: admin/players]
in SYSTEMPATH\Database\BaseConnection.php on line 692.
 1 SYSTEMPATH\Database\BaseBuilder.php(1649): CodeIgniter\Database\BaseConnection->query('SELECT `quiz_attempts`.`id`, `quiz_attempts`.`lead_name`, `quiz_attempts`.`lead_email`, `quiz_attempts`.`lead_phone`, `quiz_attempts`.`created_at`, `quizzes`.`title` as `quiz_title`
FROM `quiz_attempts`
LEFT JOIN `quizzes` ON `quizzes`.`id` = `quiz_attempts`.`quiz_id`
WHERE `quiz_attempts`.`lead_name` IS NOT NULL
AND `quiz_attempts`.`lead_name` != :quiz_attempts.lead_name:
ORDER BY `quiz_attempts`.`created_at` DESC', [...], false)
 2 APPPATH\Controllers\Admin\PlayerController.php(27): CodeIgniter\Database\BaseBuilder->get()
 3 SYSTEMPATH\CodeIgniter.php(933): App\Controllers\Admin\PlayerController->index()
 4 SYSTEMPATH\CodeIgniter.php(507): CodeIgniter\CodeIgniter->runController(Object(App\Controllers\Admin\PlayerController))
 5 SYSTEMPATH\CodeIgniter.php(354): CodeIgniter\CodeIgniter->handleRequest(null, Object(Config\Cache), false)
 6 SYSTEMPATH\Boot.php(334): CodeIgniter\CodeIgniter->run()
 7 SYSTEMPATH\Boot.php(67): CodeIgniter\Boot::runCodeIgniter(Object(CodeIgniter\CodeIgniter))
 8 FCPATH\index.php(56): CodeIgniter\Boot::bootWeb(Object(Config\Paths))
CRITICAL - 2026-07-19 18:57:57 --> [Caused by] CodeIgniter\Database\Exceptions\DatabaseException: Unknown column 'quiz_attempts.lead_name' in 'field list'
in SYSTEMPATH\Database\MySQLi\Connection.php on line 332.
 1 SYSTEMPATH\Database\BaseConnection.php(738): CodeIgniter\Database\MySQLi\Connection->execute('SELECT `quiz_attempts`.`id`, `quiz_attempts`.`lead_name`, `quiz_attempts`.`lead_email`, `quiz_attempts`.`lead_phone`, `quiz_attempts`.`created_at`, `quizzes`.`title` as `quiz_title`
FROM `quiz_attempts`
LEFT JOIN `quizzes` ON `quizzes`.`id` = `quiz_attempts`.`quiz_id`
WHERE `quiz_attempts`.`lead_name` IS NOT NULL
AND `quiz_attempts`.`lead_name` != \'\'
ORDER BY `quiz_attempts`.`created_at` DESC')
 2 SYSTEMPATH\Database\BaseConnection.php(652): CodeIgniter\Database\BaseConnection->simpleQuery('SELECT `quiz_attempts`.`id`, `quiz_attempts`.`lead_name`, `quiz_attempts`.`lead_email`, `quiz_attempts`.`lead_phone`, `quiz_attempts`.`created_at`, `quizzes`.`title` as `quiz_title`
FROM `quiz_attempts`
LEFT JOIN `quizzes` ON `quizzes`.`id` = `quiz_attempts`.`quiz_id`
WHERE `quiz_attempts`.`lead_name` IS NOT NULL
AND `quiz_attempts`.`lead_name` != \'\'
ORDER BY `quiz_attempts`.`created_at` DESC')
 3 SYSTEMPATH\Database\BaseBuilder.php(1649): CodeIgniter\Database\BaseConnection->query('SELECT `quiz_attempts`.`id`, `quiz_attempts`.`lead_name`, `quiz_attempts`.`lead_email`, `quiz_attempts`.`lead_phone`, `quiz_attempts`.`created_at`, `quizzes`.`title` as `quiz_title`
FROM `quiz_attempts`
LEFT JOIN `quizzes` ON `quizzes`.`id` = `quiz_attempts`.`quiz_id`
WHERE `quiz_attempts`.`lead_name` IS NOT NULL
AND `quiz_attempts`.`lead_name` != :quiz_attempts.lead_name:
ORDER BY `quiz_attempts`.`created_at` DESC', [...], false)
 4 APPPATH\Controllers\Admin\PlayerController.php(27): CodeIgniter\Database\BaseBuilder->get()
 5 SYSTEMPATH\CodeIgniter.php(933): App\Controllers\Admin\PlayerController->index()
 6 SYSTEMPATH\CodeIgniter.php(507): CodeIgniter\CodeIgniter->runController(Object(App\Controllers\Admin\PlayerController))
 7 SYSTEMPATH\CodeIgniter.php(354): CodeIgniter\CodeIgniter->handleRequest(null, Object(Config\Cache), false)
 8 SYSTEMPATH\Boot.php(334): CodeIgniter\CodeIgniter->run()
 9 SYSTEMPATH\Boot.php(67): CodeIgniter\Boot::runCodeIgniter(Object(CodeIgniter\CodeIgniter))
10 FCPATH\index.php(56): CodeIgniter\Boot::bootWeb(Object(Config\Paths))
CRITICAL - 2026-07-19 18:57:57 --> [Caused by] mysqli_sql_exception: Unknown column 'quiz_attempts.lead_name' in 'field list'
in SYSTEMPATH\Database\MySQLi\Connection.php on line 327.
 1 SYSTEMPATH\Database\MySQLi\Connection.php(327): mysqli->query('SELECT `quiz_attempts`.`id`, `quiz_attempts`.`lead_name`, `quiz_attempts`.`lead_email`, `quiz_attempts`.`lead_phone`, `quiz_attempts`.`created_at`, `quizzes`.`title` as `quiz_title`
FROM `quiz_attempts`
LEFT JOIN `quizzes` ON `quizzes`.`id` = `quiz_attempts`.`quiz_id`
WHERE `quiz_attempts`.`lead_name` IS NOT NULL
AND `quiz_attempts`.`lead_name` != \'\'
ORDER BY `quiz_attempts`.`created_at` DESC', 0)
 2 SYSTEMPATH\Database\BaseConnection.php(738): CodeIgniter\Database\MySQLi\Connection->execute('SELECT `quiz_attempts`.`id`, `quiz_attempts`.`lead_name`, `quiz_attempts`.`lead_email`, `quiz_attempts`.`lead_phone`, `quiz_attempts`.`created_at`, `quizzes`.`title` as `quiz_title`
FROM `quiz_attempts`
LEFT JOIN `quizzes` ON `quizzes`.`id` = `quiz_attempts`.`quiz_id`
WHERE `quiz_attempts`.`lead_name` IS NOT NULL
AND `quiz_attempts`.`lead_name` != \'\'
ORDER BY `quiz_attempts`.`created_at` DESC')
 3 SYSTEMPATH\Database\BaseConnection.php(652): CodeIgniter\Database\BaseConnection->simpleQuery('SELECT `quiz_attempts`.`id`, `quiz_attempts`.`lead_name`, `quiz_attempts`.`lead_email`, `quiz_attempts`.`lead_phone`, `quiz_attempts`.`created_at`, `quizzes`.`title` as `quiz_title`
FROM `quiz_attempts`
LEFT JOIN `quizzes` ON `quizzes`.`id` = `quiz_attempts`.`quiz_id`
WHERE `quiz_attempts`.`lead_name` IS NOT NULL
AND `quiz_attempts`.`lead_name` != \'\'
ORDER BY `quiz_attempts`.`created_at` DESC')
 4 SYSTEMPATH\Database\BaseBuilder.php(1649): CodeIgniter\Database\BaseConnection->query('SELECT `quiz_attempts`.`id`, `quiz_attempts`.`lead_name`, `quiz_attempts`.`lead_email`, `quiz_attempts`.`lead_phone`, `quiz_attempts`.`created_at`, `quizzes`.`title` as `quiz_title`
FROM `quiz_attempts`
LEFT JOIN `quizzes` ON `quizzes`.`id` = `quiz_attempts`.`quiz_id`
WHERE `quiz_attempts`.`lead_name` IS NOT NULL
AND `quiz_attempts`.`lead_name` != :quiz_attempts.lead_name:
ORDER BY `quiz_attempts`.`created_at` DESC', [...], false)
 5 APPPATH\Controllers\Admin\PlayerController.php(27): CodeIgniter\Database\BaseBuilder->get()
 6 SYSTEMPATH\CodeIgniter.php(933): App\Controllers\Admin\PlayerController->index()
 7 SYSTEMPATH\CodeIgniter.php(507): CodeIgniter\CodeIgniter->runController(Object(App\Controllers\Admin\PlayerController))
 8 SYSTEMPATH\CodeIgniter.php(354): CodeIgniter\CodeIgniter->handleRequest(null, Object(Config\Cache), false)
 9 SYSTEMPATH\Boot.php(334): CodeIgniter\CodeIgniter->run()
10 SYSTEMPATH\Boot.php(67): CodeIgniter\Boot::runCodeIgniter(Object(CodeIgniter\CodeIgniter))
11 FCPATH\index.php(56): CodeIgniter\Boot::bootWeb(Object(Config\Paths))
ERROR - 2026-07-19 18:58:42 --> DEBUG ads.txt check: enabled = "1", content = "advdfgth"
DEBUG - 2026-07-19 15:29:11 --> Session: Initialization under CLI aborted.
ERROR - 2026-07-19 18:59:32 --> DEBUG ads.txt check: enabled = "1", content = "google.com, pub-1111222233334444, DIRECT, f08c47fec0942fa0\nexample.com, pub-9999999999999999, RESELLER"
ERROR - 2026-07-19 18:59:33 --> DEBUG ads.txt check: enabled = "0", content = "google.com, pub-7542579898564659, DIRECT, f08c47fec0942fa0"
WARNING - 2026-07-19 18:59:37 --> [DEPRECATED] Passing lowercase HTTP method "get" is deprecated. Use uppercase HTTP method like "GET". in SYSTEMPATH\Test\FeatureTestTrait.php on line 168.
 1 SYSTEMPATH\Test\FeatureTestTrait.php(168): trigger_error('Passing lowercase HTTP method "get" is deprecated. Use uppercase HTTP method like "GET".', 16384)
 2 ROOTPATH\tests\unit\ScriptSettingsTest.php(97): ScriptSettingsTest->call('get', 'admin/script-settings')
 3 VENDORPATH\phpunit\phpunit\src\Framework\TestCase.php(1188): ScriptSettingsTest->testScriptSettingsRoutesRegistered()
 4 VENDORPATH\phpunit\phpunit\src\Framework\TestCase.php(686): PHPUnit\Framework\TestCase->runTest()
 5 VENDORPATH\phpunit\phpunit\src\Framework\TestRunner.php(105): PHPUnit\Framework\TestCase->runBare()
 6 VENDORPATH\phpunit\phpunit\src\Framework\TestCase.php(516): PHPUnit\Framework\TestRunner->run(Object(ScriptSettingsTest))
 7 VENDORPATH\phpunit\phpunit\src\Framework\TestSuite.php(374): PHPUnit\Framework\TestCase->run()
 8 VENDORPATH\phpunit\phpunit\src\Framework\TestSuite.php(374): PHPUnit\Framework\TestSuite->run()
 9 VENDORPATH\phpunit\phpunit\src\Framework\TestSuite.php(374): PHPUnit\Framework\TestSuite->run()
10 VENDORPATH\phpunit\phpunit\src\TextUI\TestRunner.php(64): PHPUnit\Framework\TestSuite->run()
11 VENDORPATH\phpunit\phpunit\src\TextUI\Application.php(203): PHPUnit\TextUI\TestRunner->run(Object(PHPUnit\TextUI\Configuration\Configuration), Object(PHPUnit\Runner\ResultCache\DefaultResultCache), Object(PHPUnit\Framework\TestSuite))
12 VENDORPATH\phpunit\phpunit\phpunit(104): PHPUnit\TextUI\Application->run([...])
13 VENDORPATH\bin\phpunit(122): include('C:\\xampp\\htdocs\\quizTv\\vendor\\phpunit\\phpunit\\phpunit')
WARNING - 2026-07-19 18:59:37 --> [DEPRECATED] Passing lowercase HTTP method "post" is deprecated. Use uppercase HTTP method like "POST". in SYSTEMPATH\Test\FeatureTestTrait.php on line 168.
 1 SYSTEMPATH\Test\FeatureTestTrait.php(168): trigger_error('Passing lowercase HTTP method "post" is deprecated. Use uppercase HTTP method like "POST".', 16384)
 2 ROOTPATH\tests\unit\ScriptSettingsTest.php(100): ScriptSettingsTest->call('post', 'admin/script-settings/update')
 3 VENDORPATH\phpunit\phpunit\src\Framework\TestCase.php(1188): ScriptSettingsTest->testScriptSettingsRoutesRegistered()
 4 VENDORPATH\phpunit\phpunit\src\Framework\TestCase.php(686): PHPUnit\Framework\TestCase->runTest()
 5 VENDORPATH\phpunit\phpunit\src\Framework\TestRunner.php(105): PHPUnit\Framework\TestCase->runBare()
 6 VENDORPATH\phpunit\phpunit\src\Framework\TestCase.php(516): PHPUnit\Framework\TestRunner->run(Object(ScriptSettingsTest))
 7 VENDORPATH\phpunit\phpunit\src\Framework\TestSuite.php(374): PHPUnit\Framework\TestCase->run()
 8 VENDORPATH\phpunit\phpunit\src\Framework\TestSuite.php(374): PHPUnit\Framework\TestSuite->run()
 9 VENDORPATH\phpunit\phpunit\src\Framework\TestSuite.php(374): PHPUnit\Framework\TestSuite->run()
10 VENDORPATH\phpunit\phpunit\src\TextUI\TestRunner.php(64): PHPUnit\Framework\TestSuite->run()
11 VENDORPATH\phpunit\phpunit\src\TextUI\Application.php(203): PHPUnit\TextUI\TestRunner->run(Object(PHPUnit\TextUI\Configuration\Configuration), Object(PHPUnit\Runner\ResultCache\DefaultResultCache), Object(PHPUnit\Framework\TestSuite))
12 VENDORPATH\phpunit\phpunit\phpunit(104): PHPUnit\TextUI\Application->run([...])
13 VENDORPATH\bin\phpunit(122): include('C:\\xampp\\htdocs\\quizTv\\vendor\\phpunit\\phpunit\\phpunit')
WARNING - 2026-07-19 18:59:40 --> [DEPRECATED] Passing lowercase HTTP method "get" is deprecated. Use uppercase HTTP method like "GET". in SYSTEMPATH\Test\FeatureTestTrait.php on line 168.
 1 SYSTEMPATH\Test\FeatureTestTrait.php(168): trigger_error('Passing lowercase HTTP method "get" is deprecated. Use uppercase HTTP method like "GET".', 16384)
 2 ROOTPATH\tests\unit\SecurityAndDatabaseTest.php(59): SecurityAndDatabaseTest->call('get', 'user/dashboard')
 3 VENDORPATH\phpunit\phpunit\src\Framework\TestCase.php(1188): SecurityAndDatabaseTest->testAuthFiltersRedirect()
 4 VENDORPATH\phpunit\phpunit\src\Framework\TestCase.php(686): PHPUnit\Framework\TestCase->runTest()
 5 VENDORPATH\phpunit\phpunit\src\Framework\TestRunner.php(105): PHPUnit\Framework\TestCase->runBare()
 6 VENDORPATH\phpunit\phpunit\src\Framework\TestCase.php(516): PHPUnit\Framework\TestRunner->run(Object(SecurityAndDatabaseTest))
 7 VENDORPATH\phpunit\phpunit\src\Framework\TestSuite.php(374): PHPUnit\Framework\TestCase->run()
 8 VENDORPATH\phpunit\phpunit\src\Framework\TestSuite.php(374): PHPUnit\Framework\TestSuite->run()
 9 VENDORPATH\phpunit\phpunit\src\Framework\TestSuite.php(374): PHPUnit\Framework\TestSuite->run()
10 VENDORPATH\phpunit\phpunit\src\TextUI\TestRunner.php(64): PHPUnit\Framework\TestSuite->run()
11 VENDORPATH\phpunit\phpunit\src\TextUI\Application.php(203): PHPUnit\TextUI\TestRunner->run(Object(PHPUnit\TextUI\Configuration\Configuration), Object(PHPUnit\Runner\ResultCache\DefaultResultCache), Object(PHPUnit\Framework\TestSuite))
12 VENDORPATH\phpunit\phpunit\phpunit(104): PHPUnit\TextUI\Application->run([...])
13 VENDORPATH\bin\phpunit(122): include('C:\\xampp\\htdocs\\quizTv\\vendor\\phpunit\\phpunit\\phpunit')
WARNING - 2026-07-19 18:59:40 --> [DEPRECATED] Passing lowercase HTTP method "get" is deprecated. Use uppercase HTTP method like "GET". in SYSTEMPATH\Test\FeatureTestTrait.php on line 168.
 1 SYSTEMPATH\Test\FeatureTestTrait.php(168): trigger_error('Passing lowercase HTTP method "get" is deprecated. Use uppercase HTTP method like "GET".', 16384)
 2 ROOTPATH\tests\unit\SecurityAndDatabaseTest.php(63): SecurityAndDatabaseTest->call('get', 'admin')
 3 VENDORPATH\phpunit\phpunit\src\Framework\TestCase.php(1188): SecurityAndDatabaseTest->testAuthFiltersRedirect()
 4 VENDORPATH\phpunit\phpunit\src\Framework\TestCase.php(686): PHPUnit\Framework\TestCase->runTest()
 5 VENDORPATH\phpunit\phpunit\src\Framework\TestRunner.php(105): PHPUnit\Framework\TestCase->runBare()
 6 VENDORPATH\phpunit\phpunit\src\Framework\TestCase.php(516): PHPUnit\Framework\TestRunner->run(Object(SecurityAndDatabaseTest))
 7 VENDORPATH\phpunit\phpunit\src\Framework\TestSuite.php(374): PHPUnit\Framework\TestCase->run()
 8 VENDORPATH\phpunit\phpunit\src\Framework\TestSuite.php(374): PHPUnit\Framework\TestSuite->run()
 9 VENDORPATH\phpunit\phpunit\src\Framework\TestSuite.php(374): PHPUnit\Framework\TestSuite->run()
10 VENDORPATH\phpunit\phpunit\src\TextUI\TestRunner.php(64): PHPUnit\Framework\TestSuite->run()
11 VENDORPATH\phpunit\phpunit\src\TextUI\Application.php(203): PHPUnit\TextUI\TestRunner->run(Object(PHPUnit\TextUI\Configuration\Configuration), Object(PHPUnit\Runner\ResultCache\DefaultResultCache), Object(PHPUnit\Framework\TestSuite))
12 VENDORPATH\phpunit\phpunit\phpunit(104): PHPUnit\TextUI\Application->run([...])
13 VENDORPATH\bin\phpunit(122): include('C:\\xampp\\htdocs\\quizTv\\vendor\\phpunit\\phpunit\\phpunit')
ERROR - 2026-07-19 19:02:50 --> DEBUG ads.txt check: enabled = "1", content = "google.com, pub-7542579898564659, DIRECT, f08c47fec0942fa0"
